nome_arquivo,soja,quantidade_soja
IMG_20230925_101832_jpg.rf.22b1cf0fe2cf3ee2165bbb71aeaee71a.jpg,1,1
IMG_20230925_101838_jpg.rf.00ac33759e17e019bdb55e8cacedd48b.jpg,1,1
IMG_20230925_101846_jpg.rf.72a9e9e4d5758704b664c16ea7c1ef1c.jpg,1,1
IMG_20230925_101905_jpg.rf.8f7bfcc7088abf3cce4ce48cbec76ed9.jpg,1,1
IMG_20230925_101911_jpg.rf.37c50ddf3c8654fd1256d280d5c65913.jpg,1,1
IMG_20230925_101923_jpg.rf.2baa46554c9d3e64d72b1b376a44a1e2.jpg,1,1
IMG_20230925_101938_jpg.rf.6e02d90befcc64d04f30e494eb7ef321.jpg,1,1
IMG_20230925_101958_jpg.rf.8ba6bf0a445165e2be424d5ba00ef8db.jpg,1,1
IMG_20230925_102027_jpg.rf.2b55b225173e40d425574b303ab70031.jpg,1,1
IMG_20230926_145653_jpg.rf.11470c2b9bfdd5697769dd8ab1e4f1c1.jpg,1,1
IMG_20230926_145705_jpg.rf.9e2c7e9f0cea8b942ba0baf95c0331af.jpg,1,1
IMG_20230926_145716_jpg.rf.63082a6102ebde3ac56fc6f149e3fc01.jpg,1,1
IMG_20230926_145756_jpg.rf.2c61b8ecd29ea3ce6abdcc81c0c2a857.jpg,1,1
IMG_20230926_145759_jpg.rf.0a4bf70d36f71be8c4dd2278e935a2c7.jpg,1,1
IMG_20230926_145814_jpg.rf.519a501c9cd167a01c27ea5c8e9d7124.jpg,1,1
IMG_20230926_145827_jpg.rf.37dc08c9d7cf36594edf8b0ff88d3b27.jpg,1,1
IMG_20230926_145836_jpg.rf.84e28fd3618ece2b4d6caef341f3726c.jpg,1,1
IMG_20230926_145846_jpg.rf.66a57892e541dbca5c78f36ed23d6067.jpg,1,1
IMG_20230926_145900_jpg.rf.2cef6fd16c4ef5cb6d8a464158a24151.jpg,1,1
IMG_20230926_145908_jpg.rf.02ee6adddead204dadcce815e6208a1c.jpg,1,1
IMG_20230926_145940_jpg.rf.8e1e1f525f88e46cfd61ef601e04a19a.jpg,1,1
IMG_20230926_145945_jpg.rf.7c5f27d31e1e3193bc10c4a5019c3c5d.jpg,1,1
IMG_20230926_150027_jpg.rf.0cfcb2609f2f08f017f5674d96090cbc.jpg,1,1
IMG_20230926_150115_jpg.rf.c0dae49493b20b12f550fc4938faff72.jpg,1,1
IMG_20230926_150127_jpg.rf.2c6cfb8a8b0db8fb4dc1c54fd8e295b8.jpg,1,1
IMG_20230926_150233_jpg.rf.7e64a13e75f040b524942907328f3406.jpg,1,1
IMG_20230926_150242_jpg.rf.0ca9ac01520b75489964ed68448033a7.jpg,1,1
IMG_20230926_150304_jpg.rf.6b31b82ee72a89341050c7a6988b81b0.jpg,1,1
IMG_20230926_150333_jpg.rf.3b83cc7f300074616782569dbf77c2e7.jpg,1,1
IMG_20230926_150339_jpg.rf.316e5b6a8b0ec3cfb34ee3a05702f876.jpg,1,1
IMG_20230927_154846_jpg.rf.2de0310ab431647fb48432a92c589a81.jpg,1,1
IMG_20230927_154903_jpg.rf.0d1b5150e6d1dc8c6b0986009f32d3c9.jpg,1,1
IMG_20230927_154907_jpg.rf.af4001ab9a44303c4b46f0ac10a33454.jpg,1,1
IMG_20230927_154915_jpg.rf.75631c8ca9b9e13bf7fcc03fade85082.jpg,1,1
IMG_20230927_154930_jpg.rf.477e58d631c0f94b737d841d00305c45.jpg,1,1
IMG_20230927_154935_jpg.rf.72a5063604dbcb1d57a73399e2e27237.jpg,1,1
IMG_20230927_154946_jpg.rf.7b51a3099d074cefbab63630a32fb09c.jpg,1,1
IMG_20230927_155000_jpg.rf.1a9d734f2c0ca5d41da39d675d76269b.jpg,1,1
IMG_20230927_155004_jpg.rf.5b8fd02a5538281d9bfb8beb5a7c9e93.jpg,1,1
IMG_20230927_155123_jpg.rf.49fc6fb9ded644d79090bb0965a6bf95.jpg,1,1
IMG_20230927_155129_jpg.rf.6eb40530dc3c4639ad0e60cb63871321.jpg,1,1
IMG_20230927_155134_jpg.rf.1cef001affccf182c54bbbf594b762e7.jpg,1,1
IMG_20230927_155141_jpg.rf.1b8d15654a4fa1e95a4ce46ea3e2a65e.jpg,1,1
IMG_20230927_155154_jpg.rf.8e74c2a35c7d3fbb3ff8c2e08cb443a9.jpg,1,1
IMG_20230927_155159_jpg.rf.6bfa2010d6cc2ad949d353b29cb2d760.jpg,1,1
IMG_20230927_155204_jpg.rf.7e50ff48dcf0264ab5e48968bc98c48b.jpg,1,1
IMG_20230927_155327_jpg.rf.8665c9edc42bfe974a8b0447ff2fd888.jpg,1,1
IMG_20230927_155331_jpg.rf.188f0bff92c4a174e595a7eec8dabcaf.jpg,1,1
IMG_20230927_155336_jpg.rf.5d9d33e8ab5a3c71cedc972a35ea335c.jpg,1,1
IMG_20230927_155711_jpg.rf.acf636c3013e65216c11bd71e5d5ff29.jpg,1,2
IMG_20230927_155714_jpg.rf.2ebabb372e8edf2e31cf1ab68ea75556.jpg,1,2
IMG_20230927_155718_jpg.rf.6929816bfa203aa47538be5c49acaed8.jpg,1,2
IMG_20230927_155724_jpg.rf.6c79c818b0b608a3293c2f2f65adc7ae.jpg,1,2
IMG_20230927_155733_jpg.rf.8cd7c4f74bfcc9775528a19e824e4767.jpg,1,2
IMG_20230927_155737_jpg.rf.03f268dbcd55efe0011dcc6c020a1298.jpg,1,2
IMG_20230927_155751_jpg.rf.7eb2358817c732849a408cc486a8c975.jpg,1,1
IMG_20230927_155755_jpg.rf.35cb9fd7491ee6cce81e66717f8b217b.jpg,1,1
IMG_20230927_155758_jpg.rf.3cbc0fdcf3715d6319488a6a5a18cc11.jpg,1,1
IMG_20230927_155803_jpg.rf.463eef61a29da02956285293dc4cd662.jpg,1,1
IMG_20230927_155807_jpg.rf.ac009005c1f9136d194bf16ad85a8f06.jpg,1,1
IMG_20230927_155811_jpg.rf.8d2c6a15d87280afd63b568df454edfa.jpg,1,1
IMG_20230927_155816_jpg.rf.0ad335262a944744f0bbc6cc31431d72.jpg,1,1
IMG_20230927_155819_jpg.rf.24921bbd2e464e06b7ee058fa4a38118.jpg,1,1
IMG_20230927_155829_jpg.rf.0e948dd982ee1b6e983e0bdcc890a091.jpg,1,1
IMG_20230927_155833_jpg.rf.3fbd2c1e791b0c0e7092a6b0651e9e7a.jpg,1,1
IMG_20230928_102517_jpg.rf.0a76904209654cdaf76ab6e8461899f9.jpg,1,1
IMG_20230928_102529_jpg.rf.13db6dc1e886f51a36cf2cfe597c527d.jpg,1,1
IMG_20230928_102550_jpg.rf.1f0cda4f8471412dab62f5359ff20204.jpg,1,1
IMG_20230928_102556_jpg.rf.2caa56a1d6c6f049e695436bc43b9445.jpg,1,1
IMG_20230928_102615_jpg.rf.3b99e7bda7937f3ca98f55c84a65948a.jpg,1,1
IMG_20230928_102621_jpg.rf.740965c7e3dd81389c25179e06bfd079.jpg,1,1
IMG_20230928_102626_jpg.rf.005adab4c044bbc35fb3acdec651b681.jpg,1,1
IMG_20230928_102636_jpg.rf.4a4e7ca5e95e6eac3386fa5a5aaf3b7c.jpg,1,1
IMG_20230928_102642_jpg.rf.0df74d94a8f93880d3439c4e9bfe9c07.jpg,1,1
IMG_20230928_102649_jpg.rf.788a6ea7f779cc31b6fce631bb3a06ac.jpg,1,1
IMG_20230928_102719_jpg.rf.bc4c6659de788127547ba288bac89d75.jpg,1,1
IMG_20230928_102738_jpg.rf.592e58a3fc0a22ca441854fb00d5a09d.jpg,1,1
IMG_20230928_103200_jpg.rf.023efc2cff40275b7697c59f0f28e462.jpg,1,1
IMG_20230928_103206_jpg.rf.0c66d693541a99ce63ad237000ff1271.jpg,1,1
IMG_20230928_103214_jpg.rf.1c2f650136729a1825577c0591d59a15.jpg,1,1
IMG_20230928_103228_jpg.rf.656a3d2556482b47e39e9dddabfacff4.jpg,1,1
IMG_20230928_103233_jpg.rf.6f7a408b10d179d44d2e049520e7ea8a.jpg,1,1
IMG_20230928_103301_jpg.rf.cabd9c836616ec267d01ab3130bb8529.jpg,1,1
IMG_20230928_103304_jpg.rf.725a01d6d31bccbc64cb0bae24020d03.jpg,1,1
IMG_20230928_103310_jpg.rf.f5e46e1663491685c875d0d79c29fc7d.jpg,1,1
IMG_20231001_155426_jpg.rf.8b4f55e9a7aa48536fa6887bfdc1c7ac.jpg,1,1
IMG_20231001_155432_jpg.rf.27fcdb096a1011762fed295be6398df3.jpg,1,1
IMG_20231001_155436_jpg.rf.d3fa65849670577db9915534298be324.jpg,1,1
IMG_20231001_155442_jpg.rf.0ea5ca8035e3a5d2067274233716f92d.jpg,1,1
IMG_20231001_155602_jpg.rf.81bedf14d65e497fa7de77940e3eacb2.jpg,1,1
IMG_20231001_155608_1_jpg.rf.280fd795b17f30ca5e422ae21da6b47e.jpg,1,1
IMG_20231001_155617_jpg.rf.0ae35da0aa12e596765a2c7ea9f65e75.jpg,1,1
IMG_20231001_155621_jpg.rf.13d0f4f499e84bf48430d8724c5ccac5.jpg,1,1
IMG_20231001_155625_jpg.rf.94f0b9d214cfdfa3bd21754b8616c7a9.jpg,1,1
IMG_20231001_155630_1_jpg.rf.4f061a84ed5d6ea5f6f82d232948743a.jpg,1,2
IMG_20231001_155634_1_jpg.rf.6f6acb37c62f385cbe4172ddce14e3f4.jpg,1,2
IMG_20231001_155639_jpg.rf.4d7f3e9aed960b5293c67711a1cc330c.jpg,1,2
IMG_20231001_155649_jpg.rf.5c646ead4ad24b28ec11203f9b90dbf8.jpg,1,2
IMG_20231001_155747_jpg.rf.5b0c363143c2eba4ff358747212ed15c.jpg,1,2
IMG_20231001_155750_jpg.rf.5788521c35cac206dcb1f5688cddb4be.jpg,1,2
IMG_20231001_155800_jpg.rf.13e5a4119c8503aba80e882484e733fa.jpg,1,2
IMG_20231001_155815_jpg.rf.6a7318f8d355a4c1e1bca759c6ebcd22.jpg,1,2
IMG_20231001_155836_jpg.rf.4dd8444742824282236ddba81eb7ba26.jpg,1,2
IMG_20231001_155845_jpg.rf.010193dd8b28108e1e0419330abcca94.jpg,1,2
IMG_20231001_155849_jpg.rf.654e18db227cc4b91d9aa70cd4104aa0.jpg,1,2
IMG_20231001_155903_jpg.rf.74d1508c50521421167b9a7365d6c378.jpg,1,2
IMG_20231001_155907_jpg.rf.9d496fa0ae37e4aec0ae6603b9f8da19.jpg,1,2
IMG_20231001_155908_jpg.rf.ea6e650220bbe9178a81dc9be52942df.jpg,1,2
IMG_20231001_155921_1_jpg.rf.1ab17b06da5afbe2d286b1f0fc380b95.jpg,1,2
IMG_20231001_155924_1_jpg.rf.66d093ee582294a5d100260ad78c7d9c.jpg,1,2
IMG_20231001_155928_jpg.rf.5b570bc36b32913a38a09748cc8cf7df.jpg,1,2
IMG_20231002_143309_jpg.rf.2a7917582f80d583c82bbfd63dafc0cc.jpg,1,1
IMG_20231002_143314_jpg.rf.8f7311b3eb2af19212e14bb7bac6016e.jpg,1,1
IMG_20231002_143317_1_jpg.rf.3df6aa6db3ac5b7c50dfc838a2e4273c.jpg,1,1
IMG_20231002_143325_jpg.rf.7dd8288e82a2d515f76b5bdf32231615.jpg,1,1
IMG_20231002_143346_jpg.rf.2c823ee6381ab5e65cc4863a4fad074a.jpg,1,1
IMG_20231002_143349_jpg.rf.65e55c3309143b9626375b2247327764.jpg,1,1
IMG_20231002_143353_jpg.rf.b5ba63c8680800c90622fd802091c0d5.jpg,1,1
IMG_20231002_143435_jpg.rf.7104686ce300ca43e5f61ff7f81a084d.jpg,1,1
IMG_20231002_143438_jpg.rf.764b37b7a286d81496f6765d58685f60.jpg,1,1
IMG_20231002_143444_jpg.rf.4941d474508c3d346ca0dbe83412ba1f.jpg,1,1
IMG_20231002_143513_jpg.rf.3aae33e5dd81f3bcbb899cd03d109a08.jpg,1,1
IMG_20231002_143522_jpg.rf.6cc936496e6408c53150e5428a20a7a5.jpg,1,1
IMG_20231002_143526_jpg.rf.a13ade54c1a7ae7dedafd5a0ffb8db77.jpg,1,1
IMG_20231002_143532_jpg.rf.4c29d495f2b0ffb1472da40a4d1da612.jpg,1,1
IMG_20231002_143541_jpg.rf.9c2c7ee388fcdcc8b957f05599e938a4.jpg,1,1
IMG_20231002_143603_1_jpg.rf.7efafd84c5b8553ad9119cf15684f9aa.jpg,1,1
IMG_20231002_143608_jpg.rf.271d7de9c5219bdd7c76b5fdb563d755.jpg,1,1
IMG_20231002_143612_jpg.rf.3a9e91d76f00c21d966a6b37259f9475.jpg,1,1
IMG_20231002_143617_jpg.rf.8d2ef492fe0a47698b8e523cef6920f4.jpg,1,1
IMG_20231002_143625_jpg.rf.3e726fa7464bdd8dde185276a5470548.jpg,1,2
IMG_20231002_143632_jpg.rf.27fede040bcd639328c75a8442489d36.jpg,1,2
IMG_20231002_143637_1_jpg.rf.8c7c99bbaf50c9f16724f6c142083fda.jpg,1,2
IMG_20231002_143643_1_jpg.rf.9ede14350393b7b2ebf36e20f7d2946a.jpg,1,2
IMG_20231002_143651_jpg.rf.8bf9e110e21f58efd7166d76aef826ff.jpg,1,2
IMG_20231002_143716_jpg.rf.07f198668cbd8b5504bd928a8e0e819b.jpg,1,2
IMG_20231002_143728_jpg.rf.3a4b928d5a929d06d278be6c0065ad43.jpg,1,2
IMG_20231002_143746_jpg.rf.8e5722e38fe8c5a588df91f457e01c89.jpg,1,2
IMG_20231002_143753_jpg.rf.3030f6877e401006643bb82d79de2216.jpg,1,2
IMG_20231002_143756_1_jpg.rf.a7dbb73d48cbb9037201a8fe27b817e7.jpg,1,2
IMG_20231002_144010_jpg.rf.6c52792de9d06dba27a7ae210f0d0a33.jpg,1,2
IMG_20231002_144018_1_jpg.rf.877a0c4ad7f590e1ef01132cb626d650.jpg,1,2
IMG_20231002_144026_1_jpg.rf.3514b78861eeafb938e892fc154dd0f0.jpg,1,2
IMG_20231003_152419_jpg.rf.65944598ca9830a2a9ffab69c244070a.jpg,1,2
IMG_20231003_152428_jpg.rf.3f552cc50148f49194908590eecaac10.jpg,1,2
IMG_20231003_152526_1_jpg.rf.7d511ee0735841d61c3a12cff4ed948f.jpg,1,1
IMG_20231003_152530_1_jpg.rf.3f328f5c5be4ddefcc94841d3bb46d5e.jpg,1,1
IMG_20231003_152952_jpg.rf.30e1cb720499517a1136b84181fcb033.jpg,1,1
IMG_20231003_152959_jpg.rf.a35d9be7781c7c8bd104acca53acdb83.jpg,1,2
IMG_20231003_153016_jpg.rf.6887306ccdb12ac2041f4c40707609ea.jpg,1,1
IMG_20231003_153022_jpg.rf.0189f12e644dd982aa51a3b19334f8cf.jpg,1,2
IMG_20231003_153025_jpg.rf.284e54e7da6a9dfd2c31b4f8c28f641a.jpg,1,2
IMG_20231003_153034_1_jpg.rf.2b1a9a7e280d78d4f014055ffebd392e.jpg,1,1
IMG_20231003_153038_1_jpg.rf.342cf6ea2f510c1dcc9e89d21f5f92e3.jpg,1,2
IMG_20231003_153043_jpg.rf.5c3492696eb2f9850da464ee415b4786.jpg,1,2
IMG_20231003_153101_jpg.rf.b88678a48f60d0aeaaee0e29ecb1cd3c.jpg,1,1
IMG_20231003_153200_jpg.rf.03da1dfd2f3b3b41c1cb1842aa284d5c.jpg,1,1
IMG_20231003_153204_jpg.rf.0bc6e64c981767c9cebaa0a8675d6c61.jpg,1,1
IMG_20231003_153209_jpg.rf.2e767e3ce489ccf6bb73c6191eda27dc.jpg,1,1
IMG_20231003_153218_jpg.rf.24dbc0e89c32c0271562b39bebfc6527.jpg,1,1
IMG_20231003_153225_jpg.rf.8281a2f890c57e5ec0a02a6ef73f760e.jpg,1,1
IMG_20231003_153232_jpg.rf.84711456b8c98f2f842cb1ff57c97696.jpg,1,1
IMG_20231003_153237_jpg.rf.6e2f98c169f6a702da725cc95549832a.jpg,1,1
IMG_20231003_153241_jpg.rf.2a1043470e5fd92e3478066e54cc4ffd.jpg,1,1
IMG_20231003_153250_jpg.rf.14e17632717cbbba41c3f3a93d05631b.jpg,1,1
IMG_20231003_153255_jpg.rf.c5e8dc2601759eb3d93519471a7f4410.jpg,1,1
IMG_20231003_153259_jpg.rf.411fffeb6604bcd0b032d0020f6d1492.jpg,1,1
IMG_20231003_153651_jpg.rf.1e97e6ad7c6fbc4e3f6a5743dd2dec49.jpg,1,2
IMG_20231003_154026_jpg.rf.be66b29fe9cb39933b373429c76c8fed.jpg,1,1
IMG_20231003_154031_jpg.rf.725f1b08a5b97b283d35f370dbfc657f.jpg,1,1
IMG_20231003_154046_jpg.rf.01c6e10e02fee16fc764da4c4bcf1fba.jpg,1,2
IMG_20231003_154053_jpg.rf.577dfd2283b45c9776443816faa9e4be.jpg,1,2
IMG_20231003_154056_jpg.rf.02a7772e2cb31a1c0e8eeca341c6f301.jpg,1,2
IMG_20231003_154108_jpg.rf.3e75cc3c79a3ea926c757b87ec975ff7.jpg,1,1
IMG_20231003_154112_jpg.rf.b542fef3add95419ab3260197b038dbf.jpg,1,1
IMG_20231003_154116_jpg.rf.5e2f7af671c3c8392382dda690e92e2d.jpg,1,1
IMG_20231003_154124_1_jpg.rf.2b6f9de03b45a831fef7441bfc9755db.jpg,1,1
IMG_20231003_154132_jpg.rf.9085007b113d457aec4c7ce4cae146e3.jpg,1,1
IMG_20231003_154136_jpg.rf.768d0152370d7fa1bfa2bbf692a13faa.jpg,1,1
IMG_20231004_153650_jpg.rf.8d170767098e883080c2c668e3015022.jpg,1,1
IMG_20231004_153654_jpg.rf.8751618b8ad568a2b02ad16708198a8a.jpg,1,1
IMG_20231004_153658_1_jpg.rf.9d86c44273f3487eb760485d2cc3468c.jpg,1,1
IMG_20231004_153705_1_jpg.rf.8df2518155618d8cfb8ee2b8e7a80f51.jpg,1,1
IMG_20231004_153713_jpg.rf.2b308e9922d6263f35b4107f42c40ce3.jpg,1,1
IMG_20231004_153836_jpg.rf.32f1d51d254d0dee58a6b316d28f7e0e.jpg,1,1
IMG_20231004_153840_jpg.rf.8eef08f14b779475f9f1b92aa8e09c9e.jpg,1,1
IMG_20231004_153847_jpg.rf.a730fcde9054b14a5565cfa90ed0a187.jpg,1,1
IMG_20231004_153905_jpg.rf.9e24f40a01b03fe280bb1c3a6ff0b70d.jpg,1,1
IMG_20231004_153909_jpg.rf.588b81fff7cbf868ff9b89dbce47a12d.jpg,1,1
IMG_20231004_153930_jpg.rf.6eb8a7a458b2d2f91f56f766bab0c9a3.jpg,1,2
IMG_20231004_153934_jpg.rf.b0d86010320359dd052f96147363066b.jpg,1,2
IMG_20231004_154002_1_jpg.rf.3beb484e1fcaa0fc85237aec10dca8ab.jpg,1,2
IMG_20231004_154007_jpg.rf.5a97594fba94ce305416667c42f465f4.jpg,1,2
IMG_20231004_154024_1_jpg.rf.9c05c5ce82d157df93b9127c4a532803.jpg,1,2
IMG_20231004_154052_jpg.rf.78c17f0804c8d113a459f92a21c4c955.jpg,1,1
IMG_20231004_154056_1_jpg.rf.8dbb6ac1914fab5b19d6bd8cb05d2f5a.jpg,1,1
IMG_20231004_154101_jpg.rf.0fbad233c475f4197f884ed902ad27f9.jpg,1,1
IMG_20231004_154107_jpg.rf.90de320b9f8367c832c2b24063bc7955.jpg,1,1
IMG_20231004_154112_jpg.rf.8ae5cd76a816de6aa360d4ed1aef008a.jpg,1,1
IMG_20231005_091027_jpg.rf.8e54fdca0983646bf768e855f90cd019.jpg,1,1
IMG_20231012_155117_jpg.rf.bbd64312158a1cb2bec932e85a3d279f.jpg,1,1
IMG_20231008_153041_1_jpg.rf.c6843e0229538db9ca73a5823f815aa6.jpg,1,1
IMG_20231027_135842_jpg.rf.4d519b74cd142ead5ab1c8b212007bb2.jpg,1,1
IMG_20231027_135820_jpg.rf.927aa44959a5927d07f70435ba639fcf.jpg,1,1
IMG_20231025_111512_jpg.rf.4952552b6946f4fb7a7701b7abcad34c.jpg,1,1
IMG_20231018_113634_jpg.rf.4f8e064cd2c86e0382d7de932edad2b9.jpg,1,1
IMG_20231027_135828_jpg.rf.15d34b13c9816eb20f3bbadadcd95b0f.jpg,1,?
IMG_20231012_155159_jpg.rf.56dee46fdebbc8f0297d323d84c17ddd.jpg,1,2
IMG_20231009_163733_jpg.rf.9ea83adcb40de39d4f69c909b4f65e16.jpg,1,2
IMG_20231008_153105_jpg.rf.9d42c67774e47d847370c9a95b13bd49.jpg,1,1
IMG_20231008_152543_jpg.rf.95e491175e4937a516205fbcfed5a9bd.jpg,1,1
IMG_20231009_163800_jpg.rf.3f5bbf1a74f558a21bf3db6f29b1884e.jpg,1,1
IMG_20231012_155214_jpg.rf.e03d8bae58589ab48a9c83814d18672f.jpg,1,1
IMG_20231019_105603_jpg.rf.6855fb6c3aace09cfe3773ac043ba9fe.jpg,1,1
IMG_20231009_163532_jpg.rf.f347f570943dff38be236272bd741e83.jpg,1,1
IMG_20231012_154834_jpg.rf.6c4ce832cf4cd141ef1bfd57546d0af5.jpg,1,1
IMG_20231019_105621_jpg.rf.9401aee44a7c9fb5cbeec2650cf09770.jpg,1,1
IMG_20231020_153631_jpg.rf.999ee789dbf4db61ba4b46419b065856.jpg,1,1
IMG_20231020_153647_jpg.rf.fc71365840445129ccb61f3e8aff1686.jpg,1,1
IMG_20231025_111548_jpg.rf.b51c4701fa0232b1ef5dba7d94284019.jpg,1,1
IMG_20231027_140601_jpg.rf.902090d6e8fd91d28432a9b38f12616d.jpg,1,1
IMG_20231030_111706_jpg.rf.2e815182ed8c8ecc90aaa9784070e3e1.jpg,1,1
IMG_20231005_091010_jpg.rf.9dd2c9a28fa7a76bdf91105b5a2c39ae.jpg,1,1
IMG_20231008_152436_jpg.rf.94fcc3ffff4b0289f1079a6693aa3e09.jpg,1,1
IMG_20231008_152814_jpg.rf.99e2b05180c210d9d08351d70f1c5f66.jpg,1,1
IMG_20231009_163442_jpg.rf.3239d73595431632a41cfffb5d2c03c3.jpg,1,1
IMG_20231010_110013_jpg.rf.ba33d7ea2dc97e277c233bed9e94e09e.jpg,1,1
IMG_20231011_112132_jpg.rf.79b98691a307d68ebc44befb8072b279.jpg,1,1
IMG_20231018_113634_jpg.rf.848c5911e08ac67badd951eb296c9222.jpg,1,1
IMG_20231019_105548_jpg.rf.c9156f8a7a2818855ea3171364ce0429.jpg,1,1
IMG_20231019_105632_jpg.rf.56c7d856d86897226e5c80589f7ee66f.jpg,1,1
IMG_20231023_111045_jpg.rf.50764ea2d32266cae1ca5b5336d20f97.jpg,1,1
IMG_20231025_111528_jpg.rf.3e7d9213594dee24cd0e92f5037b0e0c.jpg,1,1
IMG_20231027_135659_jpg.rf.41a813ff46c19010ac54c52590cf4832.jpg,1,1
IMG_20231004_154126_1_jpg.rf.51f8434e06b18337266697e4b5b501e1.jpg,1,1
IMG_20231008_152536_jpg.rf.5c208ebf78313014f8d72c8cf87478f2.jpg,1,1
IMG_20231008_153105_jpg.rf.1b89ea67fe770848f4c9dc9290a32760.jpg,1,1
IMG_20231011_112315_jpg.rf.d25ae131c4ee542caa70a7ba3b55ce24.jpg,1,1
IMG_20231011_112315_jpg.rf.d25ae131c4ee542caa70a7ba3b55ce24.jpg,1,1
IMG_20231019_105514_jpg.rf.385d1d97db3ea1461a33328eba6755a8.jpg,1,1
IMG_20231019_105609_jpg.rf.ca536b93ad26987e436a7537726f084a.jpg,1,1
IMG_20231023_111206_jpg.rf.68daacee8c7cd6cddb1a6cd5d6979d16.jpg,1,1
IMG_20231027_135606_jpg.rf.8c7883cf958da9c11dabb50e34574489.jpg,1,1
IMG_20231027_135716_jpg.rf.8baa5476dee26a4ab7e9e91ad4d63887.jpg,1,1
IMG_20231027_135837_jpg.rf.50531f4604d28518aa85c50dcd9d319d.jpg,1,1
IMG_20231009_163548_1_jpg.rf.b856986654cc5874804a0959e36c9be5.jpg,1,1
IMG_20231011_112127_jpg.rf.3ca2819415b5ee10b8d6453e4d6041be.jpg,1,1
IMG_20231012_155053_jpg.rf.b65178fb3760e16894de08549943c6b9.jpg,1,1
IMG_20231018_113827_jpg.rf.5080eb94528096dfe090d7ee6f67898a.jpg,1,1
IMG_0174.JPEG,0,0
IMG_0175.JPEG,0,0
IMG_0176.JPEG,0,0
IMG_0177.JPEG,0,0
IMG_0178.JPEG,0,0
IMG_0179.JPEG,0,0
IMG_0180.JPEG,0,0
IMG_0181.JPEG,0,0
IMG_0182.JPEG,0,0
IMG_0183.JPEG,0,0
IMG_0184.JPEG,0,0
IMG_0185.JPEG,0,0
IMG_0186.JPEG,0,0
IMG_0187.JPEG,0,0
IMG_0188.JPEG,0,0
IMG_0189.JPEG,0,0
IMG_0190.JPEG,0,0
IMG_0191.JPEG,0,0
IMG_0192.JPEG,0,0
IMG_0193.JPEG,0,0
IMG_0194.JPEG,0,0
IMG_0195.JPEG,0,0
IMG_0196.JPEG,0,0
IMG_0197.JPEG,0,0
IMG_0198.JPEG,0,0
IMG_0199.JPEG,0,0
IMG_0200.JPEG,0,0
IMG_0201.JPEG,0,0
IMG_0202.JPEG,0,0
IMG_0203.JPEG,0,0
IMG_0204.JPEG,0,0
IMG_0205.JPEG,0,0
IMG_0206.JPEG,0,0
IMG_20231004_154146_jpg.rf.beb367971ee7bff76a68808232970d78.jpg,1,1
IMG_20231005_091105_jpg.rf.dc5f54d18059954f15bb539320cb12da.jpg,1,1
IMG_20230925_102007_jpg.rf.06b68cc2e5ba05a2894f1bfc1d5465d8.jpg,1,1
IMG_20230925_102033_jpg.rf.b14c697ddc0472f66a63c3c9b6cf57a5.jpg,1,1
IMG_20230925_102045_jpg.rf.8061bc7ae71bb922a7f648f98dd7baf3.jpg,1,1
IMG_20230926_150052_jpg.rf.2661f3702df92085c082212833adfa8f.jpg,1,1
IMG_20230926_150207_jpg.rf.ad9c994be4ea35602bde27b3c52288a9.jpg,1,1
IMG_20230926_150401_jpg.rf.e2a768c9c3ec14ca662786692e0b97e0.jpg,1,1
IMG_20230926_151506_jpg.rf.464336f72924c902afe245c7fd9c0f70.jpg,1,1
IMG_20230927_155036_jpg.rf.b7f4c6db5fd5607c1faeea7112befec8.jpg,1,1
IMG_20230927_155056_jpg.rf.71747bd60c3d7be4daf51aa4866e3d81.jpg,1,1
IMG_20230927_155113_jpg.rf.603a7abbd32430bfed686fd09d94696c.jpg,1,1
IMG_20230927_155822_jpg.rf.71d660cf5fe1c9f8f5e58260d0f2ef36.jpg,1,1
IMG_20230927_155836_jpg.rf.7685908d3add37118e4e7cc0384f9b73.jpg,1,1
IMG_20230928_103238_jpg.rf.4b22ad2921654e489b4dabf72730da49.jpg,1,2
IMG_20230928_103316_jpg.rf.10f99a8703915acfd78c1a63fb4db85d.jpg,1,1
IMG_20230928_103320_jpg.rf.21723cd4ba2db5927ea562d4f6910c2f.jpg,1,1
IMG_20231001_155804_jpg.rf.85418173613c3fdc1157d7af6f293bc0.jpg,1,2
IMG_20231001_155839_jpg.rf.4035433603717d4ba215085550af10bc.jpg,1,2
IMG_20231001_155913_jpg.rf.3a89d9efd60f4ad2f38d4ee7a108cb56.jpg,1,2
IMG_20231002_143329_jpg.rf.a8def809ff9191829bb8705373447736.jpg,1,1
IMG_20231002_143335_jpg.rf.4aea8974605c12ebba676bb358c749fb.jpg,1,1
IMG_20231002_143536_jpg.rf.2561254fcb899d7b8e9828754aae0c62.jpg,1,1
IMG_20231002_143550_2_jpg.rf.a8007354fc57b70e34b3dc45d36cc710.jpg,1,1
IMG_20231002_143557_jpg.rf.3f5fafbc7fbff7224c2df66622271962.jpg,1,1
IMG_20231002_144005_1_jpg.rf.10cc80b90b6f3f9c0601f09dbc960449.jpg,1,2
IMG_20231002_144029_1_jpg.rf.cdb0658c149c36c08a9d795bd4f19d13.jpg,1,2
IMG_20231003_152446_jpg.rf.be683a345616c7d20a5a07b20c60080d.jpg,1,2
IMG_20231003_152452_jpg.rf.52d63ada08990cf9338ff4649c093c34.jpg,1,2
IMG_20231003_153011_jpg.rf.a2373e078d6677f72b07377f4a44484b.jpg,1,2
IMG_20231003_153106_jpg.rf.640192bd028df8ba1d54e7b473752029.jpg,1,2
IMG_20231003_153147_1_jpg.rf.12b9a2db10d072e80e1773ffcd6e738f.jpg,1,2
IMG_20231003_153221_jpg.rf.7bda4a1528448d1b0f5c2131f18b154a.jpg,1,1
IMG_20231003_153926_jpg.rf.326eae1510450871ac0d636b499753be.jpg,1,2
IMG_20231003_154035_jpg.rf.238ec1063a4fdd41475360f2741419f2.jpg,1,2
IMG_20231004_153709_1_jpg.rf.056103dd490f00f07a8c3f4df79d91a0.jpg,1,1
IMG_20231004_153912_jpg.rf.a0afceba493fcac52791abe21814ef5d.jpg,1,1
IMG_20231004_154015_jpg.rf.b6b52f2e21598597d3e2447ac9097964.jpg,1,2
IMG_20231004_154019_jpg.rf.ce853d6639f4bc7dc847d4820df6cf66.jpg,1,2
IMG_20231004_154135_jpg.rf.ba54b9341e9ff73c782703ad7d08d4fc.jpg,1,1
IMG_20231005_091003_jpg.rf.5b548fb10488a638b9a7f9698b1bf193.jpg,1,2
IMG_20231005_091050_jpg.rf.53585769e8fab583817322c189c4a348.jpg,1,1
IMG_20231008_152501_1_jpg.rf.a953b3add3d87297bc06a86494a39633.jpg,1,1
IMG_20231008_152547_jpg.rf.340a3f6bea209aab81cb5355ddec8677.jpg,1,1
IMG_20231008_152551_jpg.rf.adf8ba69f3395c98a6f852fd6ab1349e.jpg,1,1
IMG_20231008_152743_jpg.rf.ef09e5b083d0383ac781bced0b18609a.jpg,1,1
IMG_20231008_153025_jpg.rf.52cf55571072d7067f5608d3ccc053c0.jpg,1,1
IMG_20231009_163412_jpg.rf.f37a6ec6b8970c00a3d45e816f44d8b0.jpg,1,1
IMG_20231009_163522_1_jpg.rf.09fe2cd59c3a3a198a561c0f4a1e7fbd.jpg,1,1
IMG_20231009_163544_1_jpg.rf.7925b019883d147a990cee27e4e334c3.jpg,1,1
IMG_20231010_110034_jpg.rf.f07f2f4394b0c42963539bf61c3233d5.jpg,1,1
IMG_20231010_110058_jpg.rf.48476c8896dea499d6c61796eedb0413.jpg,1,1
IMG_20231010_110136_1_jpg.rf.c535a02d902ddba733355341adbc5bf2.jpg,1,2
IMG_20231010_110256_jpg.rf.7e8bd878cf7a7415caeb9c8c1f56d957.jpg,1,1
IMG_20231010_110320_jpg.rf.af8b1fa47920547ef83eb5afeef90cc5.jpg,1,1
IMG_20231011_112121_jpg.rf.58c949eb383c6cb45ac4b4ca889b350c.jpg,1,1
IMG_20231011_112140_jpg.rf.f3aa29f83d5d06bd6fd71d280554821b.jpg,1,1
IMG_20231011_112156_jpg.rf.f7f9e3282e7a5587dbaf3779bb36b547.jpg,1,1
IMG_20231011_112238_jpg.rf.184092483c6069c26c1d00c8960f1c3f.jpg,1,1
IMG_20231011_112318_jpg.rf.f46d561a91292030419bae2cad07d0a0.jpg,1,1
IMG_20231012_154750_jpg.rf.a42278ca58dcaf8376bd05e9d97796a7.jpg,1,1
IMG_20231012_154838_jpg.rf.f1bd99e1ba79860f01f6c6442314a155.jpg,1,1
IMG_20231012_154855_jpg.rf.37429e0ac9c7b575760db5f096501234.jpg,1,1
IMG_20231012_154859_jpg.rf.f305b8306bb07da80dcdfc58b6f66a1a.jpg,1,1
IMG_20231012_154919_jpg.rf.ce234cb42e699a4ac634f46c6612d691.jpg,1,1
IMG_20231012_155114_jpg.rf.5ce4eaa9a2a9ad9cfa5d25f1345597f0.jpg,1,1
IMG_20231012_155132_jpg.rf.74ec6becbb3590d7ae396467b6d400a9.jpg,1,1
IMG_20231012_155205_jpg.rf.2a2243a39a298e2b83029c41c2863d69.jpg,1,3
IMG_20231012_155229_jpg.rf.79158c05b24ed6d6ae13451829e9fb22.jpg,1,1
IMG_20231018_113620_jpg.rf.3122c4cef430f94e01bf9268c713e4c7.jpg,1,1
IMG_20231018_113834_jpg.rf.bd65c8120703a972e36f7fe305a2dff3.jpg,1,1
IMG_20231018_113844_jpg.rf.6ab96e2c3d8dd8cef3572a1c4cc26b18.jpg,1,1
IMG_20231018_113901_jpg.rf.fa0280ff25c6233484dce8678d92ae92.jpg,1,1
IMG_20231018_113904_jpg.rf.b658f602c0f480c20c3398a1a131a17d.jpg,1,1
IMG_20231019_105510_jpg.rf.e4bf9d39cbf56f089b84d08cbcd44b35.jpg,1,1
IMG_20231019_105529_jpg.rf.4c1f2bb8e830fb0f729065456c85e936.jpg,1,3
IMG_20231019_105535_jpg.rf.43d0e472447be2a4dcc861ab1d528344.jpg,1,1
IMG_20231019_105552_jpg.rf.287437d52b1986e0d2dc99cad9dc17d4.jpg,1,2
IMG_20231019_105614_jpg.rf.5eafc72bb40b2b15a031fa148b490e9f.jpg,1,3
IMG_20231020_153611_jpg.rf.faf4ed777bd2d635cd683b345a5f8697.jpg,1,1
IMG_20231020_153628_jpg.rf.e47ece8deabd9618aab32e47a09f71f7.jpg,1,1
IMG_20231020_153656_jpg.rf.782987a9e0bd912bb3ffc6bc959ae8cb.jpg,1,1
IMG_20231023_111010_jpg.rf.5aec04f20c657ae15ac3c41648e80499.jpg,1,1
IMG_20231023_111048_jpg.rf.575f314ba6526c6276bec672c2cb3f22.jpg,1,1
IMG_20231023_111213_jpg.rf.8f0784b849514ceded81ba4aef0d1861.jpg,1,3
IMG_20231025_111440_jpg.rf.7d6ac9a33a6394dc24712456421507d8.jpg,1,1
IMG_20231025_111643_jpg.rf.3cdc2f8c3c99e70d5bc706ff592894da.jpg,1,1
IMG_20231025_111701_jpg.rf.78b1f0c740186c351467da8ffe8bb8c8.jpg,1,1
IMG_20231025_111719_jpg.rf.b3d1feabb910c52726dd844195b5f586.jpg,1,1
IMG_20231027_135623_jpg.rf.748cfe398fdb2f7ca5ca58357d3e6736.jpg,1,1
IMG_20231027_135656_jpg.rf.25b990385aafdaf2291196111d786d66.jpg,1,1
IMG_20231027_135707_jpg.rf.b8f715abfe48afcf22e5915a6d0e030e.jpg,1,5
IMG_20231027_135730_jpg.rf.50f3ac6334863a70e914333a99fa619b.jpg,1,3
IMG_20231027_135756_jpg.rf.270554be1a832bbdbb434a0876f542e6.jpg,1,3
IMG_20231027_135800_jpg.rf.cbc95fa432bf8544b94fe4febc5b7c58.jpg,1,4
IMG_20231027_135814_jpg.rf.bab9884def977cab168e12a094061bf2.jpg,1,5
IMG_20231027_140553_jpg.rf.4ad9fbaf41ec1f60e747f9a517e8e827.jpg,1,1
IMG_20231027_140613_jpg.rf.d5d97efe0632ccbfa579c2da49b9932b.jpg,1,1
IMG_20231030_111643_jpg.rf.d8221643de7cd246caa7818932ac9591.jpg,1,1
IMG_20231030_111736_jpg.rf.8cc4abbc81bbc8e96801e164d0e01851.jpg,1,1
IMG_20231030_111747_jpg.rf.0e14fea0e51f7d3f66963159b666b4cc.jpg,1,1
IMG_20231030_111753_jpg.rf.5241d87bf28d549746e57b638fee5579.jpg,1,1
IMG_20230926_150038_jpg.rf.63e3167c147c017b2f11c4b878d51d04.jpg,1,1
IMG_20230928_102454_jpg.rf.da1c1fc51bbcb30c3b9ca93f5de4f1b9.jpg,1,1
IMG_20230928_102513_jpg.rf.67ff91a8294f09b9487fe28db5802a24.jpg,1,1
IMG_20230928_103256_jpg.rf.8745a64d6c57701b7104ad9b7b82ac50.jpg,1,1
IMG_20231001_155447_jpg.rf.d37a7327a64c2def7e358098212d7db4.jpg,1,1
IMG_20231001_155450_jpg.rf.884df959e26a7b01bb99b04c75943363.jpg,1,1
IMG_20231001_155605_1_jpg.rf.a6907b087785d6c95dedefe14c20a36f.jpg,1,1
IMG_20231002_143724_1_jpg.rf.820d25b975f26d36b2942f4463fa2ed8.jpg,1,2
IMG_20231003_153646_jpg.rf.bff661308a0f12dc251ca83643022ed7.jpg,1,2
IMG_20231009_163455_1_jpg.rf.e146f764ba297d9da6a7c66e1b6dfeee.jpg,1,1
IMG_20231009_163535_1_jpg.rf.31bc068780bf63fc1f018e1446321272.jpg,1,1
IMG_20231023_111142_jpg.rf.76c0a04f9945c5dbea3683cb71221523.jpg,1,1
IMG_20231023_111153_jpg.rf.249665ab7923611d7328186abe521b1d.jpg,1,1
IMG_20231025_111449_jpg.rf.1fa18c33c0ffd30ef766bc2931bee9a7.jpg,1,3
IMG_20231030_111750_jpg.rf.8fac36b359dbae80aa144ed2d5c52749.jpg,1,1
IMG_0209.JPEG,0,0
IMG_0210.JPEG,0,0
IMG_0211.JPEG,0,0
IMG_0212.JPEG,0,0
IMG_0213.JPEG,0,0
IMG_0214.JPEG,0,0
IMG_0215.JPEG,0,0
IMG_0216.JPEG,0,0
IMG_0217.JPEG,0,0
IMG_0218.JPEG,0,0
IMG_0219.JPEG,0,0
IMG_0220.JPEG,0,0
IMG_0221.JPEG,0,0
IMG_0222.JPEG,0,0
IMG_0223.JPEG,0,0
IMG_0224.JPEG,0,0
IMG_0225.JPEG,0,0
IMG_0226.JPEG,0,0
IMG_0227.JPEG,0,0
IMG_0228.JPEG,0,0
IMG_0229.JPEG,0,0
IMG_0230.JPEG,0,0
IMG_0231.JPEG,0,0
IMG_0232.JPEG,0,0
IMG_0233.JPEG,0,0
IMG_0234.JPEG,0,0
IMG_0235.JPEG,0,0
IMG_0236.JPEG,0,0
IMG_0237.JPEG,0,0
IMG_0238.JPEG,0,0
IMG_0239.JPEG,0,0
IMG_0240.JPEG,0,0
IMG_0241.JPEG,0,0
