arquivo,shi_tomasi,harris,contornos_verdes,soja,quantidade_soja
IMG_20230925_101832_jpg.rf.22b1cf0fe2cf3ee2165bbb71aeaee71a.jpg,293,5453,7,1,1
IMG_20230925_101838_jpg.rf.00ac33759e17e019bdb55e8cacedd48b.jpg,160,4378,10,1,1
IMG_20230925_101846_jpg.rf.72a9e9e4d5758704b664c16ea7c1ef1c.jpg,182,4271,16,1,1
IMG_20230925_101905_jpg.rf.8f7bfcc7088abf3cce4ce48cbec76ed9.jpg,267,5684,7,1,1
IMG_20230925_101911_jpg.rf.37c50ddf3c8654fd1256d280d5c65913.jpg,208,5124,6,1,1
IMG_20230925_101923_jpg.rf.2baa46554c9d3e64d72b1b376a44a1e2.jpg,81,2648,2,1,1
IMG_20230925_101938_jpg.rf.6e02d90befcc64d04f30e494eb7ef321.jpg,205,4220,10,1,1
IMG_20230925_101958_jpg.rf.8ba6bf0a445165e2be424d5ba00ef8db.jpg,351,6504,9,1,1
IMG_20230925_102027_jpg.rf.2b55b225173e40d425574b303ab70031.jpg,245,3914,7,1,1
IMG_20230926_145653_jpg.rf.11470c2b9bfdd5697769dd8ab1e4f1c1.jpg,500,14919,18,1,1
IMG_20230926_145705_jpg.rf.9e2c7e9f0cea8b942ba0baf95c0331af.jpg,500,13767,16,1,1
IMG_20230926_145716_jpg.rf.63082a6102ebde3ac56fc6f149e3fc01.jpg,214,7476,12,1,1
IMG_20230926_145756_jpg.rf.2c61b8ecd29ea3ce6abdcc81c0c2a857.jpg,499,13566,18,1,1
IMG_20230926_145759_jpg.rf.0a4bf70d36f71be8c4dd2278e935a2c7.jpg,393,12498,9,1,1
IMG_20230926_145814_jpg.rf.519a501c9cd167a01c27ea5c8e9d7124.jpg,265,7882,9,1,1
IMG_20230926_145827_jpg.rf.37dc08c9d7cf36594edf8b0ff88d3b27.jpg,0,0,0,1,1
IMG_20230926_145836_jpg.rf.84e28fd3618ece2b4d6caef341f3726c.jpg,500,11835,22,1,1
IMG_20230926_145846_jpg.rf.66a57892e541dbca5c78f36ed23d6067.jpg,148,5474,4,1,1
IMG_20230926_145900_jpg.rf.2cef6fd16c4ef5cb6d8a464158a24151.jpg,489,8121,24,1,1
IMG_20230926_145908_jpg.rf.02ee6adddead204dadcce815e6208a1c.jpg,500,14063,30,1,1
IMG_20230926_145940_jpg.rf.8e1e1f525f88e46cfd61ef601e04a19a.jpg,500,14004,17,1,1
IMG_20230926_145945_jpg.rf.7c5f27d31e1e3193bc10c4a5019c3c5d.jpg,500,12793,23,1,1
IMG_20230926_150027_jpg.rf.0cfcb2609f2f08f017f5674d96090cbc.jpg,389,10546,11,1,1
IMG_20230926_150115_jpg.rf.c0dae49493b20b12f550fc4938faff72.jpg,480,10823,14,1,1
IMG_20230926_150127_jpg.rf.2c6cfb8a8b0db8fb4dc1c54fd8e295b8.jpg,500,8139,18,1,1
IMG_20230926_150233_jpg.rf.7e64a13e75f040b524942907328f3406.jpg,351,6397,18,1,1
IMG_20230926_150242_jpg.rf.0ca9ac01520b75489964ed68448033a7.jpg,369,6691,7,1,1
IMG_20230926_150304_jpg.rf.6b31b82ee72a89341050c7a6988b81b0.jpg,263,5680,15,1,1
IMG_20230926_150333_jpg.rf.3b83cc7f300074616782569dbf77c2e7.jpg,367,6769,6,1,1
IMG_20230926_150339_jpg.rf.316e5b6a8b0ec3cfb34ee3a05702f876.jpg,397,7238,16,1,1
IMG_20230927_154846_jpg.rf.2de0310ab431647fb48432a92c589a81.jpg,414,12242,36,1,1
IMG_20230927_154903_jpg.rf.0d1b5150e6d1dc8c6b0986009f32d3c9.jpg,500,12799,29,1,1
IMG_20230927_154907_jpg.rf.af4001ab9a44303c4b46f0ac10a33454.jpg,500,12299,29,1,1
IMG_20230927_154915_jpg.rf.75631c8ca9b9e13bf7fcc03fade85082.jpg,244,8014,12,1,1
IMG_20230927_154930_jpg.rf.477e58d631c0f94b737d841d00305c45.jpg,500,13731,29,1,1
IMG_20230927_154935_jpg.rf.72a5063604dbcb1d57a73399e2e27237.jpg,487,8948,28,1,1
IMG_20230927_154946_jpg.rf.7b51a3099d074cefbab63630a32fb09c.jpg,277,4951,7,1,1
IMG_20230927_155000_jpg.rf.1a9d734f2c0ca5d41da39d675d76269b.jpg,500,14292,32,1,1
IMG_20230927_155004_jpg.rf.5b8fd02a5538281d9bfb8beb5a7c9e93.jpg,500,10738,44,1,1
IMG_20230927_155123_jpg.rf.49fc6fb9ded644d79090bb0965a6bf95.jpg,382,11810,30,1,1
IMG_20230927_155129_jpg.rf.6eb40530dc3c4639ad0e60cb63871321.jpg,500,9250,34,1,1
IMG_20230927_155134_jpg.rf.1cef001affccf182c54bbbf594b762e7.jpg,500,13736,43,1,1
IMG_20230927_155141_jpg.rf.1b8d15654a4fa1e95a4ce46ea3e2a65e.jpg,500,14783,57,1,1
IMG_20230927_155154_jpg.rf.8e74c2a35c7d3fbb3ff8c2e08cb443a9.jpg,500,10903,37,1,1
IMG_20230927_155159_jpg.rf.6bfa2010d6cc2ad949d353b29cb2d760.jpg,500,10740,35,1,1
IMG_20230927_155204_jpg.rf.7e50ff48dcf0264ab5e48968bc98c48b.jpg,500,14436,41,1,1
IMG_20230927_155327_jpg.rf.8665c9edc42bfe974a8b0447ff2fd888.jpg,500,9538,34,1,1
IMG_20230927_155331_jpg.rf.188f0bff92c4a174e595a7eec8dabcaf.jpg,500,9466,29,1,1
IMG_20230927_155336_jpg.rf.5d9d33e8ab5a3c71cedc972a35ea335c.jpg,500,13844,47,1,1
IMG_20230927_155711_jpg.rf.acf636c3013e65216c11bd71e5d5ff29.jpg,500,10668,32,1,2
IMG_20230927_155714_jpg.rf.2ebabb372e8edf2e31cf1ab68ea75556.jpg,500,11335,20,1,2
IMG_20230927_155718_jpg.rf.6929816bfa203aa47538be5c49acaed8.jpg,500,9485,32,1,2
IMG_20230927_155724_jpg.rf.6c79c818b0b608a3293c2f2f65adc7ae.jpg,500,11770,51,1,2
IMG_20230927_155733_jpg.rf.8cd7c4f74bfcc9775528a19e824e4767.jpg,500,13795,39,1,2
IMG_20230927_155737_jpg.rf.03f268dbcd55efe0011dcc6c020a1298.jpg,500,28480,40,1,2
IMG_20230927_155751_jpg.rf.7eb2358817c732849a408cc486a8c975.jpg,500,9449,23,1,1
IMG_20230927_155755_jpg.rf.35cb9fd7491ee6cce81e66717f8b217b.jpg,500,9709,15,1,1
IMG_20230927_155758_jpg.rf.3cbc0fdcf3715d6319488a6a5a18cc11.jpg,500,16870,27,1,1
IMG_20230927_155803_jpg.rf.463eef61a29da02956285293dc4cd662.jpg,500,10138,24,1,1
IMG_20230927_155807_jpg.rf.ac009005c1f9136d194bf16ad85a8f06.jpg,500,10311,15,1,1
IMG_20230927_155811_jpg.rf.8d2c6a15d87280afd63b568df454edfa.jpg,467,11834,15,1,1
IMG_20230927_155816_jpg.rf.0ad335262a944744f0bbc6cc31431d72.jpg,500,7480,16,1,1
IMG_20230927_155819_jpg.rf.24921bbd2e464e06b7ee058fa4a38118.jpg,500,14233,17,1,1
IMG_20230927_155829_jpg.rf.0e948dd982ee1b6e983e0bdcc890a091.jpg,500,10283,34,1,1
IMG_20230927_155833_jpg.rf.3fbd2c1e791b0c0e7092a6b0651e9e7a.jpg,500,22035,53,1,1
IMG_20230928_102517_jpg.rf.0a76904209654cdaf76ab6e8461899f9.jpg,336,11036,22,1,1
IMG_20230928_102529_jpg.rf.13db6dc1e886f51a36cf2cfe597c527d.jpg,500,13654,22,1,1
IMG_20230928_102550_jpg.rf.1f0cda4f8471412dab62f5359ff20204.jpg,500,14546,30,1,1
IMG_20230928_102556_jpg.rf.2caa56a1d6c6f049e695436bc43b9445.jpg,500,31731,44,1,1
IMG_20230928_102615_jpg.rf.3b99e7bda7937f3ca98f55c84a65948a.jpg,500,13500,27,1,1
IMG_20230928_102621_jpg.rf.740965c7e3dd81389c25179e06bfd079.jpg,495,11079,16,1,1
IMG_20230928_102626_jpg.rf.005adab4c044bbc35fb3acdec651b681.jpg,500,20706,25,1,1
IMG_20230928_102636_jpg.rf.4a4e7ca5e95e6eac3386fa5a5aaf3b7c.jpg,500,14819,34,1,1
IMG_20230928_102642_jpg.rf.0df74d94a8f93880d3439c4e9bfe9c07.jpg,500,12412,20,1,1
IMG_20230928_102649_jpg.rf.788a6ea7f779cc31b6fce631bb3a06ac.jpg,387,11546,21,1,1
IMG_20230928_102719_jpg.rf.bc4c6659de788127547ba288bac89d75.jpg,500,16535,31,1,1
IMG_20230928_102738_jpg.rf.592e58a3fc0a22ca441854fb00d5a09d.jpg,385,10007,16,1,1
IMG_20230928_103200_jpg.rf.023efc2cff40275b7697c59f0f28e462.jpg,500,11130,22,1,1
IMG_20230928_103206_jpg.rf.0c66d693541a99ce63ad237000ff1271.jpg,419,12342,11,1,1
IMG_20230928_103214_jpg.rf.1c2f650136729a1825577c0591d59a15.jpg,434,17709,19,1,1
IMG_20230928_103228_jpg.rf.656a3d2556482b47e39e9dddabfacff4.jpg,500,10770,19,1,1
IMG_20230928_103233_jpg.rf.6f7a408b10d179d44d2e049520e7ea8a.jpg,500,13857,22,1,1
IMG_20230928_103301_jpg.rf.cabd9c836616ec267d01ab3130bb8529.jpg,500,15557,19,1,1
IMG_20230928_103304_jpg.rf.725a01d6d31bccbc64cb0bae24020d03.jpg,500,29705,37,1,1
IMG_20230928_103310_jpg.rf.f5e46e1663491685c875d0d79c29fc7d.jpg,500,11200,23,1,1
IMG_20231001_155426_jpg.rf.8b4f55e9a7aa48536fa6887bfdc1c7ac.jpg,500,12665,24,1,1
IMG_20231001_155432_jpg.rf.27fcdb096a1011762fed295be6398df3.jpg,500,20939,18,1,1
IMG_20231001_155436_jpg.rf.d3fa65849670577db9915534298be324.jpg,500,22793,26,1,1
IMG_20231001_155442_jpg.rf.0ea5ca8035e3a5d2067274233716f92d.jpg,500,12928,22,1,1
IMG_20231001_155602_jpg.rf.81bedf14d65e497fa7de77940e3eacb2.jpg,500,10177,17,1,1
IMG_20231001_155608_1_jpg.rf.280fd795b17f30ca5e422ae21da6b47e.jpg,500,13530,20,1,1
IMG_20231001_155617_jpg.rf.0ae35da0aa12e596765a2c7ea9f65e75.jpg,500,16480,21,1,1
IMG_20231001_155621_jpg.rf.13d0f4f499e84bf48430d8724c5ccac5.jpg,500,25477,47,1,1
IMG_20231001_155625_jpg.rf.94f0b9d214cfdfa3bd21754b8616c7a9.jpg,500,40321,37,1,1
IMG_20231001_155630_1_jpg.rf.4f061a84ed5d6ea5f6f82d232948743a.jpg,500,12452,17,1,2
IMG_20231001_155634_1_jpg.rf.6f6acb37c62f385cbe4172ddce14e3f4.jpg,500,17032,23,1,2
IMG_20231001_155639_jpg.rf.4d7f3e9aed960b5293c67711a1cc330c.jpg,500,31262,22,1,2
IMG_20231001_155649_jpg.rf.5c646ead4ad24b28ec11203f9b90dbf8.jpg,500,15302,15,1,2
IMG_20231001_155747_jpg.rf.5b0c363143c2eba4ff358747212ed15c.jpg,500,11572,8,1,2
IMG_20231001_155750_jpg.rf.5788521c35cac206dcb1f5688cddb4be.jpg,500,16600,19,1,2
IMG_20231001_155800_jpg.rf.13e5a4119c8503aba80e882484e733fa.jpg,500,13471,20,1,2
IMG_20231001_155815_jpg.rf.6a7318f8d355a4c1e1bca759c6ebcd22.jpg,500,11890,20,1,2
IMG_20231001_155836_jpg.rf.4dd8444742824282236ddba81eb7ba26.jpg,500,15485,13,1,2
IMG_20231001_155845_jpg.rf.010193dd8b28108e1e0419330abcca94.jpg,500,15194,12,1,2
IMG_20231001_155849_jpg.rf.654e18db227cc4b91d9aa70cd4104aa0.jpg,500,16875,20,1,2
IMG_20231001_155903_jpg.rf.74d1508c50521421167b9a7365d6c378.jpg,500,11774,19,1,2
IMG_20231001_155907_jpg.rf.9d496fa0ae37e4aec0ae6603b9f8da19.jpg,500,17953,18,1,2
IMG_20231001_155908_jpg.rf.ea6e650220bbe9178a81dc9be52942df.jpg,500,17233,14,1,2
IMG_20231001_155921_1_jpg.rf.1ab17b06da5afbe2d286b1f0fc380b95.jpg,500,17118,11,1,2
IMG_20231001_155924_1_jpg.rf.66d093ee582294a5d100260ad78c7d9c.jpg,500,10480,14,1,2
IMG_20231001_155928_jpg.rf.5b570bc36b32913a38a09748cc8cf7df.jpg,500,32927,31,1,2
IMG_20231002_143309_jpg.rf.2a7917582f80d583c82bbfd63dafc0cc.jpg,500,16818,32,1,1
IMG_20231002_143314_jpg.rf.8f7311b3eb2af19212e14bb7bac6016e.jpg,500,20238,47,1,1
IMG_20231002_143317_1_jpg.rf.3df6aa6db3ac5b7c50dfc838a2e4273c.jpg,500,17925,46,1,1
IMG_20231002_143325_jpg.rf.7dd8288e82a2d515f76b5bdf32231615.jpg,500,20772,28,1,1
IMG_20231002_143346_jpg.rf.2c823ee6381ab5e65cc4863a4fad074a.jpg,500,21636,37,1,1
IMG_20231002_143349_jpg.rf.65e55c3309143b9626375b2247327764.jpg,500,18556,21,1,1
IMG_20231002_143353_jpg.rf.b5ba63c8680800c90622fd802091c0d5.jpg,500,15029,28,1,1
IMG_20231002_143435_jpg.rf.7104686ce300ca43e5f61ff7f81a084d.jpg,500,20504,37,1,1
IMG_20231002_143438_jpg.rf.764b37b7a286d81496f6765d58685f60.jpg,500,14741,33,1,1
IMG_20231002_143444_jpg.rf.4941d474508c3d346ca0dbe83412ba1f.jpg,500,22245,35,1,1
IMG_20231002_143513_jpg.rf.3aae33e5dd81f3bcbb899cd03d109a08.jpg,500,16977,24,1,1
IMG_20231002_143522_jpg.rf.6cc936496e6408c53150e5428a20a7a5.jpg,500,19829,40,1,1
IMG_20231002_143526_jpg.rf.a13ade54c1a7ae7dedafd5a0ffb8db77.jpg,500,22512,41,1,1
IMG_20231002_143532_jpg.rf.4c29d495f2b0ffb1472da40a4d1da612.jpg,500,14108,27,1,1
IMG_20231002_143541_jpg.rf.9c2c7ee388fcdcc8b957f05599e938a4.jpg,500,29294,44,1,1
IMG_20231002_143603_1_jpg.rf.7efafd84c5b8553ad9119cf15684f9aa.jpg,500,47464,38,1,1
IMG_20231002_143608_jpg.rf.271d7de9c5219bdd7c76b5fdb563d755.jpg,500,9299,41,1,1
IMG_20231002_143612_jpg.rf.3a9e91d76f00c21d966a6b37259f9475.jpg,500,17125,35,1,1
IMG_20231002_143617_jpg.rf.8d2ef492fe0a47698b8e523cef6920f4.jpg,500,24872,36,1,1
IMG_20231002_143625_jpg.rf.3e726fa7464bdd8dde185276a5470548.jpg,500,15327,15,1,2
IMG_20231002_143632_jpg.rf.27fede040bcd639328c75a8442489d36.jpg,500,19964,29,1,2
IMG_20231002_143637_1_jpg.rf.8c7c99bbaf50c9f16724f6c142083fda.jpg,500,48738,32,1,2
IMG_20231002_143643_1_jpg.rf.9ede14350393b7b2ebf36e20f7d2946a.jpg,500,18836,10,1,2
IMG_20231002_143651_jpg.rf.8bf9e110e21f58efd7166d76aef826ff.jpg,500,14452,18,1,2
IMG_20231002_143716_jpg.rf.07f198668cbd8b5504bd928a8e0e819b.jpg,500,14028,19,1,2
IMG_20231002_143728_jpg.rf.3a4b928d5a929d06d278be6c0065ad43.jpg,500,37084,20,1,2
IMG_20231002_143746_jpg.rf.8e5722e38fe8c5a588df91f457e01c89.jpg,500,15876,22,1,2
IMG_20231002_143753_jpg.rf.3030f6877e401006643bb82d79de2216.jpg,500,12843,29,1,2
IMG_20231002_143756_1_jpg.rf.a7dbb73d48cbb9037201a8fe27b817e7.jpg,500,28027,27,1,2
IMG_20231002_144010_jpg.rf.6c52792de9d06dba27a7ae210f0d0a33.jpg,500,11690,19,1,2
IMG_20231002_144018_1_jpg.rf.877a0c4ad7f590e1ef01132cb626d650.jpg,500,28651,37,1,2
IMG_20231002_144026_1_jpg.rf.3514b78861eeafb938e892fc154dd0f0.jpg,500,9796,15,1,2
IMG_20231003_152419_jpg.rf.65944598ca9830a2a9ffab69c244070a.jpg,500,19367,34,1,2
IMG_20231003_152428_jpg.rf.3f552cc50148f49194908590eecaac10.jpg,500,21489,29,1,2
IMG_20231003_152526_1_jpg.rf.7d511ee0735841d61c3a12cff4ed948f.jpg,500,19462,26,1,1
IMG_20231003_152530_1_jpg.rf.3f328f5c5be4ddefcc94841d3bb46d5e.jpg,500,21551,16,1,1
IMG_20231003_152952_jpg.rf.30e1cb720499517a1136b84181fcb033.jpg,500,17794,24,1,1
IMG_20231003_152959_jpg.rf.a35d9be7781c7c8bd104acca53acdb83.jpg,500,12397,30,1,2
IMG_20231003_153016_jpg.rf.6887306ccdb12ac2041f4c40707609ea.jpg,500,15748,24,1,1
IMG_20231003_153022_jpg.rf.0189f12e644dd982aa51a3b19334f8cf.jpg,500,20136,31,1,2
IMG_20231003_153025_jpg.rf.284e54e7da6a9dfd2c31b4f8c28f641a.jpg,500,29417,20,1,2
IMG_20231003_153034_1_jpg.rf.2b1a9a7e280d78d4f014055ffebd392e.jpg,500,14163,19,1,1
IMG_20231003_153038_1_jpg.rf.342cf6ea2f510c1dcc9e89d21f5f92e3.jpg,500,16801,16,1,2
IMG_20231003_153043_jpg.rf.5c3492696eb2f9850da464ee415b4786.jpg,500,44367,12,1,2
IMG_20231003_153101_jpg.rf.b88678a48f60d0aeaaee0e29ecb1cd3c.jpg,500,12315,19,1,1
IMG_20231003_153200_jpg.rf.03da1dfd2f3b3b41c1cb1842aa284d5c.jpg,500,16992,26,1,1
IMG_20231003_153204_jpg.rf.0bc6e64c981767c9cebaa0a8675d6c61.jpg,500,20678,16,1,1
IMG_20231003_153209_jpg.rf.2e767e3ce489ccf6bb73c6191eda27dc.jpg,500,33032,24,1,1
IMG_20231003_153218_jpg.rf.24dbc0e89c32c0271562b39bebfc6527.jpg,500,17581,24,1,1
IMG_20231003_153225_jpg.rf.8281a2f890c57e5ec0a02a6ef73f760e.jpg,500,20884,28,1,1
IMG_20231003_153232_jpg.rf.84711456b8c98f2f842cb1ff57c97696.jpg,500,14305,24,1,1
IMG_20231003_153237_jpg.rf.6e2f98c169f6a702da725cc95549832a.jpg,500,20609,21,1,1
IMG_20231003_153241_jpg.rf.2a1043470e5fd92e3478066e54cc4ffd.jpg,500,34896,42,1,1
IMG_20231003_153250_jpg.rf.14e17632717cbbba41c3f3a93d05631b.jpg,500,17240,25,1,1
IMG_20231003_153255_jpg.rf.c5e8dc2601759eb3d93519471a7f4410.jpg,500,28987,52,1,1
IMG_20231003_153259_jpg.rf.411fffeb6604bcd0b032d0020f6d1492.jpg,500,33068,27,1,1
IMG_20231003_153651_jpg.rf.1e97e6ad7c6fbc4e3f6a5743dd2dec49.jpg,500,14261,10,1,2
IMG_20231003_154026_jpg.rf.be66b29fe9cb39933b373429c76c8fed.jpg,500,14276,25,1,1
IMG_20231003_154031_jpg.rf.725f1b08a5b97b283d35f370dbfc657f.jpg,500,14837,16,1,1
IMG_20231003_154046_jpg.rf.01c6e10e02fee16fc764da4c4bcf1fba.jpg,500,16376,14,1,2
IMG_20231003_154053_jpg.rf.577dfd2283b45c9776443816faa9e4be.jpg,500,17518,25,1,2
IMG_20231003_154056_jpg.rf.02a7772e2cb31a1c0e8eeca341c6f301.jpg,500,36578,40,1,2
IMG_20231003_154108_jpg.rf.3e75cc3c79a3ea926c757b87ec975ff7.jpg,500,18745,22,1,1
IMG_20231003_154112_jpg.rf.b542fef3add95419ab3260197b038dbf.jpg,500,14387,22,1,1
IMG_20231003_154116_jpg.rf.5e2f7af671c3c8392382dda690e92e2d.jpg,500,11904,19,1,1
IMG_20231003_154124_1_jpg.rf.2b6f9de03b45a831fef7441bfc9755db.jpg,500,19348,26,1,1
IMG_20231003_154132_jpg.rf.9085007b113d457aec4c7ce4cae146e3.jpg,500,16195,31,1,1
IMG_20231003_154136_jpg.rf.768d0152370d7fa1bfa2bbf692a13faa.jpg,500,31943,30,1,1
IMG_20231004_153650_jpg.rf.8d170767098e883080c2c668e3015022.jpg,500,24948,35,1,1
IMG_20231004_153654_jpg.rf.8751618b8ad568a2b02ad16708198a8a.jpg,500,16367,27,1,1
IMG_20231004_153658_1_jpg.rf.9d86c44273f3487eb760485d2cc3468c.jpg,500,21977,44,1,1
IMG_20231004_153705_1_jpg.rf.8df2518155618d8cfb8ee2b8e7a80f51.jpg,500,18639,40,1,1
IMG_20231004_153713_jpg.rf.2b308e9922d6263f35b4107f42c40ce3.jpg,500,16064,25,1,1
IMG_20231004_153836_jpg.rf.32f1d51d254d0dee58a6b316d28f7e0e.jpg,500,24012,16,1,1
IMG_20231004_153840_jpg.rf.8eef08f14b779475f9f1b92aa8e09c9e.jpg,500,25843,56,1,1
IMG_20231004_153847_jpg.rf.a730fcde9054b14a5565cfa90ed0a187.jpg,500,46216,57,1,1
IMG_20231004_153905_jpg.rf.9e24f40a01b03fe280bb1c3a6ff0b70d.jpg,500,21921,34,1,1
IMG_20231004_153909_jpg.rf.588b81fff7cbf868ff9b89dbce47a12d.jpg,500,18790,22,1,1
IMG_20231004_153930_jpg.rf.6eb8a7a458b2d2f91f56f766bab0c9a3.jpg,500,17685,32,1,2
IMG_20231004_153934_jpg.rf.b0d86010320359dd052f96147363066b.jpg,500,16827,37,1,2
IMG_20231004_154002_1_jpg.rf.3beb484e1fcaa0fc85237aec10dca8ab.jpg,500,21177,38,1,2
IMG_20231004_154007_jpg.rf.5a97594fba94ce305416667c42f465f4.jpg,500,46926,45,1,2
IMG_20231004_154024_1_jpg.rf.9c05c5ce82d157df93b9127c4a532803.jpg,500,42241,26,1,2
IMG_20231004_154052_jpg.rf.78c17f0804c8d113a459f92a21c4c955.jpg,500,23695,28,1,1
IMG_20231004_154056_1_jpg.rf.8dbb6ac1914fab5b19d6bd8cb05d2f5a.jpg,500,18153,49,1,1
IMG_20231004_154101_jpg.rf.0fbad233c475f4197f884ed902ad27f9.jpg,500,28172,50,1,1
IMG_20231004_154107_jpg.rf.90de320b9f8367c832c2b24063bc7955.jpg,500,17001,34,1,1
IMG_20231004_154112_jpg.rf.8ae5cd76a816de6aa360d4ed1aef008a.jpg,500,20341,40,1,1
VE-4-00001_png.rf.8b47b0e82af85fbb928ea9337812453d.jpg,34,1009,1,1,1
IMG_20231005_091027_jpg.rf.8e54fdca0983646bf768e855f90cd019.jpg,500,17285,33,1,1
IMG_20231012_155117_jpg.rf.bbd64312158a1cb2bec932e85a3d279f.jpg,500,40701,56,1,1
IMG_20231008_153041_1_jpg.rf.c6843e0229538db9ca73a5823f815aa6.jpg,500,23723,43,1,1
VE-3-00002_png.rf.fc19cc2d69965ede400f344742a08c76.jpg,70,1630,1,1,1
V2-1-00018_png.rf.feecef8555373f19034cb138e62cec7d.jpg,45,1816,3,1,2
V1-2-00039_png.rf.f55740cb60b4bd0d2c1070503d3fb0a7.jpg,20,358,3,1,1
IMG_20231106_090534_jpg.rf.75a38945acebb7e84a16c08cb36236f4.jpg,315,9351,6,1,1
IMG_20231027_135842_jpg.rf.4d519b74cd142ead5ab1c8b212007bb2.jpg,500,32489,77,1,1
IMG_20231027_135820_jpg.rf.927aa44959a5927d07f70435ba639fcf.jpg,500,30021,46,1,1
IMG_20231025_111512_jpg.rf.4952552b6946f4fb7a7701b7abcad34c.jpg,500,32564,55,1,1
IMG_20231018_113634_jpg.rf.4f8e064cd2c86e0382d7de932edad2b9.jpg,500,9500,45,1,1
IMG_20231016_150628_jpg.rf.7f0c9c47610bdaf7fb6513309717c4ed.jpg,403,4447,3,1,1
IMG_20231016_150620_jpg.rf.0fb5a52df1311b8d6bd3afb50a21bd8d.jpg,500,4275,2,1,1
IMG_20231016_150415_jpg.rf.dc67730c435ee4b137588952b58368aa.jpg,392,4441,1,1,1
IMG_20231016_150415_jpg.rf.dc67730c435ee4b137588952b58368aa.jpg,392,4441,1,1,2
IMG_20231026_191206_jpg.rf.fcdeaca99e62bb34bc1d2c01be53979e.jpg,397,14053,4,1,1
IMG_20231027_135828_jpg.rf.15d34b13c9816eb20f3bbadadcd95b0f.jpg,500,36911,67,1,?
IMG_20231016_150415_jpg.rf.dc67730c435ee4b137588952b58368aa.jpg,392,4441,1,1,1
IMG_20231012_155159_jpg.rf.56dee46fdebbc8f0297d323d84c17ddd.jpg,500,31939,80,1,2
IMG_20231009_163733_jpg.rf.9ea83adcb40de39d4f69c909b4f65e16.jpg,500,17219,21,1,2
IMG_20231008_153105_jpg.rf.9d42c67774e47d847370c9a95b13bd49.jpg,500,31158,27,1,1
IMG_20231008_152543_jpg.rf.95e491175e4937a516205fbcfed5a9bd.jpg,500,21572,40,1,1
VE-3-00002_png.rf.04d2a3d9dca9593258e5a52e31acb4f5.jpg,66,1733,1,1,1
VC-4-00001_png.rf.9ac272a9d64abf92d46465f3ca1f8fb9.jpg,26,636,2,1,1
V1-3-00052_png.rf.b11675430ff730c029d8d47ae0690ed3.jpg,0,0,0,1,1
V1-2-00001_png.rf.844ed6e8383c5239fec3695bafe230a6.jpg,73,774,2,1,1
IMG_20231106_091549_jpg.rf.635e27663badab1f0b53074308e4f20d.jpg,500,20206,11,1,2
IMG_20231106_091544_jpg.rf.41bee5953d44a6a08f61cc0dc6568a3c.jpg,500,19775,3,1,1
IMG_20231103_092542_jpg.rf.d97187d6bde07b7c68cced5567de6c33.jpg,500,16654,13,1,1
IMG_20231009_163800_jpg.rf.3f5bbf1a74f558a21bf3db6f29b1884e.jpg,500,24163,52,1,1
IMG_20231012_155214_jpg.rf.e03d8bae58589ab48a9c83814d18672f.jpg,500,24860,51,1,1
IMG_20231016_150458_jpg.rf.eeb0c0e04a097e8ce7ffcd1eb4e0a20d.jpg,486,6770,4,1,1
IMG_20231019_105603_jpg.rf.6855fb6c3aace09cfe3773ac043ba9fe.jpg,500,33684,53,1,1
IMG_20231103_092357_jpg.rf.78253c0094806c377d9175bd3a847f16.jpg,372,10820,4,1,1
Mix-1-00042_png.rf.d2f7d281b52a8161b5b57a6af25aeadd.jpg,134,1432,5,1,2
VE-1-00002_png.rf.40ce90a8c7a3fa63527e17dc7a8786fb.jpg,63,1152,1,1,1
IMG_20231009_163532_jpg.rf.f347f570943dff38be236272bd741e83.jpg,500,19080,33,1,1
IMG_20231012_154834_jpg.rf.6c4ce832cf4cd141ef1bfd57546d0af5.jpg,500,22515,75,1,1
IMG_20231019_105621_jpg.rf.9401aee44a7c9fb5cbeec2650cf09770.jpg,500,40150,81,1,1
IMG_20231020_153631_jpg.rf.999ee789dbf4db61ba4b46419b065856.jpg,500,19210,39,1,1
IMG_20231020_153647_jpg.rf.fc71365840445129ccb61f3e8aff1686.jpg,500,8713,44,1,1
IMG_20231025_111548_jpg.rf.b51c4701fa0232b1ef5dba7d94284019.jpg,500,22998,58,1,1
IMG_20231027_140601_jpg.rf.902090d6e8fd91d28432a9b38f12616d.jpg,500,21416,12,1,1
IMG_20231030_111706_jpg.rf.2e815182ed8c8ecc90aaa9784070e3e1.jpg,500,31237,43,1,1
IMG_20231103_092349_jpg.rf.91af364f4f7678757e4e989f7f66bb02.jpg,441,10988,6,1,1
IMG_20231106_090817_jpg.rf.834f80410b3ca567ad398b8be5a31005.jpg,500,13378,6,1,1
IMG_20231106_090821_jpg.rf.b0b99d6ab3bd01f61b0b740e30fa0b97.jpg,500,27361,12,1,1
Mix-4-00034_png.rf.4cfdf52cb7111fbe78b4bee5d08b4b61.jpg,14,603,2,1,3
V2-3-00048_png.rf.4b070ace265ba3c2eb839b0c63df9214.jpg,128,2098,5,1,2
VC-1-00017_png.rf.5153802cf1e65d2f6ae9995d6ba08817.jpg,39,831,3,1,1
IMG_20231005_091010_jpg.rf.9dd2c9a28fa7a76bdf91105b5a2c39ae.jpg,500,17081,7,1,1
IMG_20231008_152436_jpg.rf.94fcc3ffff4b0289f1079a6693aa3e09.jpg,500,26274,30,1,1
IMG_20231008_152814_jpg.rf.99e2b05180c210d9d08351d70f1c5f66.jpg,500,24586,43,1,1
IMG_20231009_163442_jpg.rf.3239d73595431632a41cfffb5d2c03c3.jpg,500,21035,52,1,1
IMG_20231010_110013_jpg.rf.ba33d7ea2dc97e277c233bed9e94e09e.jpg,500,21089,44,1,1
IMG_20231011_112132_jpg.rf.79b98691a307d68ebc44befb8072b279.jpg,500,28394,61,1,1
IMG_20231018_113634_jpg.rf.848c5911e08ac67badd951eb296c9222.jpg,500,10626,45,1,1
IMG_20231019_105548_jpg.rf.c9156f8a7a2818855ea3171364ce0429.jpg,500,21264,19,1,1
IMG_20231019_105632_jpg.rf.56c7d856d86897226e5c80589f7ee66f.jpg,500,36777,62,1,1
IMG_20231023_111045_jpg.rf.50764ea2d32266cae1ca5b5336d20f97.jpg,500,20904,57,1,1
IMG_20231025_111528_jpg.rf.3e7d9213594dee24cd0e92f5037b0e0c.jpg,500,27158,32,1,1
IMG_20231026_191436_jpg.rf.897a1bdd7201ded7bff024a80b0e7066.jpg,500,12374,2,1,2
IMG_20231027_135659_jpg.rf.41a813ff46c19010ac54c52590cf4832.jpg,500,25538,37,1,1
IMG_20231103_092349_jpg.rf.bee886a25badd203156c5e7683ed5068.jpg,492,11208,5,1,1
IMG_20231106_090515_jpg.rf.34e6dca1ced6975df4ba3d77a1c59dbb.jpg,500,26403,25,1,1
IMG_20231106_091641_jpg.rf.5f051020f4ccff04f1df326b60c75a1f.jpg,500,17225,23,1,2
Mix-1-00002_png.rf.94a42677025c561afa00a4c8ee3a37d9.jpg,142,5122,2,1,1
V1-2-00038_png.rf.c86a7b8e151eecb8a6334900289ff009.jpg,19,588,3,1,1
V2-1-00001_png.rf.abbc61b15f4ec6eda64d66e90c2475fe.jpg,42,1985,2,1,1
V2-4-00040_png.rf.7e3cec4c2d7ecca7af3f074dc029b5cf.jpg,157,3277,3,1,2
VC-1-00032_png.rf.ce3b5d281b3db1f404d53417d26f2946.jpg,8,273,1,1,1
IMG_20231004_154126_1_jpg.rf.51f8434e06b18337266697e4b5b501e1.jpg,500,18763,34,1,1
IMG_20231007_113250_jpg.rf.9c3f934440a32ffd6147cde2ed97ea0e.jpg,290,11088,5,1,2
IMG_20231008_152536_jpg.rf.5c208ebf78313014f8d72c8cf87478f2.jpg,500,28120,49,1,1
IMG_20231008_153105_jpg.rf.1b89ea67fe770848f4c9dc9290a32760.jpg,500,31311,28,1,1
IMG_20231011_112315_jpg.rf.d25ae131c4ee542caa70a7ba3b55ce24.jpg,500,28343,59,1,1
IMG_20231011_112315_jpg.rf.d25ae131c4ee542caa70a7ba3b55ce24.jpg,500,28343,59,1,1
IMG_20231016_150510_jpg.rf.c37fab99e128e172e771f57213a47d34.jpg,318,6238,6,1,1
IMG_20231016_150627_jpg.rf.9667cf124ec137de8a42a9ad5737bb93.jpg,431,5617,3,1,1
IMG_20231019_105514_jpg.rf.385d1d97db3ea1461a33328eba6755a8.jpg,500,16891,25,1,1
IMG_20231019_105609_jpg.rf.ca536b93ad26987e436a7537726f084a.jpg,500,22016,49,1,1
IMG_20231023_111206_jpg.rf.68daacee8c7cd6cddb1a6cd5d6979d16.jpg,500,27894,65,1,1
IMG_20231027_135606_jpg.rf.8c7883cf958da9c11dabb50e34574489.jpg,500,19123,47,1,1
IMG_20231027_135716_jpg.rf.8baa5476dee26a4ab7e9e91ad4d63887.jpg,500,21607,46,1,1
IMG_20231027_135837_jpg.rf.50531f4604d28518aa85c50dcd9d319d.jpg,500,18417,40,1,1
IMG_20231103_092407_jpg.rf.fd186c98595b6c4d4650abf889570f0f.jpg,445,14871,8,1,1
IMG_20231106_090728_jpg.rf.67d33cd1fa406b870d5bd9bf2a446b35.jpg,500,16734,5,1,1
IMG_20231106_090751_jpg.rf.bf468d781cdde82874932314b8d20478.jpg,500,26855,37,1,1
IMG_20231106_090812_jpg.rf.3df7a05a644e906a990ad893307b53c7.jpg,500,22264,3,1,1
V1-1-00010_png.rf.dc59c317c3c8c6efef460dd0f872b1e6.jpg,80,1297,4,1,1
V1-2-00001_png.rf.71663fbedfe81be6fb9ae8948b077556.jpg,93,932,2,1,1
VE-1-00001_png.rf.a8cc4cf697254ccb95c330c1555356db.jpg,58,1404,1,1,1
IMG_20231007_113055_jpg.rf.0f925b756250f6669c1f4bad40915984.jpg,135,4343,2,1,1
IMG_20231009_163548_1_jpg.rf.b856986654cc5874804a0959e36c9be5.jpg,500,26038,22,1,1
IMG_20231011_112127_jpg.rf.3ca2819415b5ee10b8d6453e4d6041be.jpg,500,40136,58,1,1
IMG_20231012_155053_jpg.rf.b65178fb3760e16894de08549943c6b9.jpg,500,29859,38,1,1
IMG_20231018_113827_jpg.rf.5080eb94528096dfe090d7ee6f67898a.jpg,500,18454,50,1,1
IMG_0174.JPEG,500,51929,14,0,0
IMG_0175.JPEG,500,42621,19,0,0
IMG_0176.JPEG,500,34343,1,0,0
IMG_0177.JPEG,500,27990,5,0,0
IMG_0178.JPEG,500,45390,1,0,0
IMG_0179.JPEG,500,17789,1,0,0
IMG_0180.JPEG,500,14597,1,0,0
IMG_0181.JPEG,500,56648,5,0,0
IMG_0182.JPEG,500,23559,19,0,0
IMG_0183.JPEG,500,29235,16,0,0
IMG_0184.JPEG,500,19497,33,0,0
IMG_0185.JPEG,500,21603,27,0,0
IMG_0186.JPEG,500,20755,21,0,0
IMG_0187.JPEG,500,18375,25,0,0
IMG_0188.JPEG,500,39857,71,0,0
IMG_0189.JPEG,500,34388,41,0,0
IMG_0190.JPEG,500,33844,43,0,0
IMG_0191.JPEG,500,40413,54,0,0
IMG_0192.JPEG,500,34688,26,0,0
IMG_0193.JPEG,500,19547,39,0,0
IMG_0194.JPEG,500,15058,17,0,0
IMG_0195.JPEG,500,20992,18,0,0
IMG_0196.JPEG,500,23218,37,0,0
IMG_0197.JPEG,500,27507,30,0,0
IMG_0198.JPEG,500,30750,35,0,0
IMG_0199.JPEG,500,17978,21,0,0
IMG_0200.JPEG,500,25591,53,0,0
IMG_0201.JPEG,500,19628,45,0,0
IMG_0202.JPEG,500,19106,46,0,0
IMG_0203.JPEG,500,13771,35,0,0
IMG_0204.JPEG,500,48635,52,0,0
IMG_0205.JPEG,500,21825,47,0,0
IMG_0206.JPEG,500,22606,48,0,0
IMG_20231004_154146_jpg.rf.beb367971ee7bff76a68808232970d78.jpg,500,30523,51,1,1
IMG_20231005_091105_jpg.rf.dc5f54d18059954f15bb539320cb12da.jpg,500,17075,32,1,1
IMG_20231026_191201_jpg.rf.6bd9d8c5a4159bed9a6f91d4d2f3965c.jpg,332,12469,4,1,1
IMG_20230925_102007_jpg.rf.06b68cc2e5ba05a2894f1bfc1d5465d8.jpg,163,3705,9,1,1
IMG_20230925_102033_jpg.rf.b14c697ddc0472f66a63c3c9b6cf57a5.jpg,96,2277,4,1,1
IMG_20230925_102045_jpg.rf.8061bc7ae71bb922a7f648f98dd7baf3.jpg,100,2412,6,1,1
IMG_20230926_150052_jpg.rf.2661f3702df92085c082212833adfa8f.jpg,139,3662,14,1,1
IMG_20230926_150207_jpg.rf.ad9c994be4ea35602bde27b3c52288a9.jpg,126,4501,7,1,1
IMG_20230926_150401_jpg.rf.e2a768c9c3ec14ca662786692e0b97e0.jpg,160,4486,6,1,1
IMG_20230926_151506_jpg.rf.464336f72924c902afe245c7fd9c0f70.jpg,448,12410,28,1,1
IMG_20230927_155036_jpg.rf.b7f4c6db5fd5607c1faeea7112befec8.jpg,428,11906,32,1,1
IMG_20230927_155056_jpg.rf.71747bd60c3d7be4daf51aa4866e3d81.jpg,500,11188,35,1,1
IMG_20230927_155113_jpg.rf.603a7abbd32430bfed686fd09d94696c.jpg,388,9954,17,1,1
IMG_20230927_155822_jpg.rf.71d660cf5fe1c9f8f5e58260d0f2ef36.jpg,500,25702,33,1,1
IMG_20230927_155836_jpg.rf.7685908d3add37118e4e7cc0384f9b73.jpg,500,45824,33,1,1
IMG_20230928_103238_jpg.rf.4b22ad2921654e489b4dabf72730da49.jpg,500,25849,36,1,2
IMG_20230928_103316_jpg.rf.10f99a8703915acfd78c1a63fb4db85d.jpg,500,17333,34,1,1
IMG_20230928_103320_jpg.rf.21723cd4ba2db5927ea562d4f6910c2f.jpg,500,48766,44,1,1
IMG_20231001_155804_jpg.rf.85418173613c3fdc1157d7af6f293bc0.jpg,500,14405,13,1,2
IMG_20231001_155839_jpg.rf.4035433603717d4ba215085550af10bc.jpg,500,23298,21,1,2
IMG_20231001_155913_jpg.rf.3a89d9efd60f4ad2f38d4ee7a108cb56.jpg,500,36384,14,1,2
IMG_20231002_143329_jpg.rf.a8def809ff9191829bb8705373447736.jpg,500,22082,44,1,1
IMG_20231002_143335_jpg.rf.4aea8974605c12ebba676bb358c749fb.jpg,500,24421,63,1,1
IMG_20231002_143536_jpg.rf.2561254fcb899d7b8e9828754aae0c62.jpg,500,17320,31,1,1
IMG_20231002_143550_2_jpg.rf.a8007354fc57b70e34b3dc45d36cc710.jpg,500,19088,28,1,1
IMG_20231002_143557_jpg.rf.3f5fafbc7fbff7224c2df66622271962.jpg,500,44506,53,1,1
IMG_20231002_144005_1_jpg.rf.10cc80b90b6f3f9c0601f09dbc960449.jpg,500,19325,27,1,2
IMG_20231002_144029_1_jpg.rf.cdb0658c149c36c08a9d795bd4f19d13.jpg,500,22873,27,1,2
IMG_20231003_152446_jpg.rf.be683a345616c7d20a5a07b20c60080d.jpg,500,56975,31,1,2
IMG_20231003_152452_jpg.rf.52d63ada08990cf9338ff4649c093c34.jpg,500,17135,23,1,2
IMG_20231003_153011_jpg.rf.a2373e078d6677f72b07377f4a44484b.jpg,500,36093,23,1,2
IMG_20231003_153106_jpg.rf.640192bd028df8ba1d54e7b473752029.jpg,500,12158,14,1,2
IMG_20231003_153147_1_jpg.rf.12b9a2db10d072e80e1773ffcd6e738f.jpg,500,28404,22,1,2
IMG_20231003_153221_jpg.rf.7bda4a1528448d1b0f5c2131f18b154a.jpg,500,21208,38,1,1
IMG_20231003_153926_jpg.rf.326eae1510450871ac0d636b499753be.jpg,500,15475,24,1,2
IMG_20231003_154035_jpg.rf.238ec1063a4fdd41475360f2741419f2.jpg,500,31386,20,1,2
IMG_20231004_153709_1_jpg.rf.056103dd490f00f07a8c3f4df79d91a0.jpg,500,21064,29,1,1
IMG_20231004_153912_jpg.rf.a0afceba493fcac52791abe21814ef5d.jpg,500,24338,23,1,1
IMG_20231004_154015_jpg.rf.b6b52f2e21598597d3e2447ac9097964.jpg,500,15293,24,1,2
IMG_20231004_154019_jpg.rf.ce853d6639f4bc7dc847d4820df6cf66.jpg,500,23216,24,1,2
IMG_20231004_154135_jpg.rf.ba54b9341e9ff73c782703ad7d08d4fc.jpg,500,37906,38,1,1
IMG_20231005_091003_jpg.rf.5b548fb10488a638b9a7f9698b1bf193.jpg,500,26491,31,1,2
IMG_20231005_091050_jpg.rf.53585769e8fab583817322c189c4a348.jpg,500,27237,25,1,1
IMG_20231007_113305_jpg.rf.44c3de9339b8c440a2ca8e748afd9d6f.jpg,325,8851,5,1,2
IMG_20231007_113324_jpg.rf.e600786dfb6301fb3f21be31988fe3fc.jpg,270,9160,7,1,2
IMG_20231007_113346_jpg.rf.1df83aa77393fd94883c317efab96630.jpg,262,7425,5,1,2
IMG_20231007_113358_jpg.rf.c69cc96681cd2bc7657cbaf6c473b7dd.jpg,299,11280,3,1,2
IMG_20231008_152501_1_jpg.rf.a953b3add3d87297bc06a86494a39633.jpg,500,33221,40,1,1
IMG_20231008_152547_jpg.rf.340a3f6bea209aab81cb5355ddec8677.jpg,500,22029,47,1,1
IMG_20231008_152551_jpg.rf.adf8ba69f3395c98a6f852fd6ab1349e.jpg,500,34172,58,1,1
IMG_20231008_152743_jpg.rf.ef09e5b083d0383ac781bced0b18609a.jpg,500,26334,56,1,1
IMG_20231008_153025_jpg.rf.52cf55571072d7067f5608d3ccc053c0.jpg,500,35515,34,1,1
IMG_20231009_163412_jpg.rf.f37a6ec6b8970c00a3d45e816f44d8b0.jpg,500,30482,47,1,1
IMG_20231009_163522_1_jpg.rf.09fe2cd59c3a3a198a561c0f4a1e7fbd.jpg,500,28158,43,1,1
IMG_20231009_163544_1_jpg.rf.7925b019883d147a990cee27e4e334c3.jpg,500,19556,32,1,1
IMG_20231010_110034_jpg.rf.f07f2f4394b0c42963539bf61c3233d5.jpg,500,29407,48,1,1
IMG_20231010_110058_jpg.rf.48476c8896dea499d6c61796eedb0413.jpg,500,26100,51,1,1
IMG_20231010_110136_1_jpg.rf.c535a02d902ddba733355341adbc5bf2.jpg,500,21821,36,1,2
IMG_20231010_110256_jpg.rf.7e8bd878cf7a7415caeb9c8c1f56d957.jpg,500,18115,26,1,1
IMG_20231010_110320_jpg.rf.af8b1fa47920547ef83eb5afeef90cc5.jpg,500,23049,29,1,1
IMG_20231011_112121_jpg.rf.58c949eb383c6cb45ac4b4ca889b350c.jpg,500,28937,62,1,1
IMG_20231011_112140_jpg.rf.f3aa29f83d5d06bd6fd71d280554821b.jpg,500,38790,66,1,1
IMG_20231011_112156_jpg.rf.f7f9e3282e7a5587dbaf3779bb36b547.jpg,500,27429,50,1,1
IMG_20231011_112238_jpg.rf.184092483c6069c26c1d00c8960f1c3f.jpg,500,31512,73,1,1
IMG_20231011_112318_jpg.rf.f46d561a91292030419bae2cad07d0a0.jpg,500,43744,76,1,1
IMG_20231012_154750_jpg.rf.a42278ca58dcaf8376bd05e9d97796a7.jpg,500,32346,69,1,1
IMG_20231012_154838_jpg.rf.f1bd99e1ba79860f01f6c6442314a155.jpg,500,27250,49,1,1
IMG_20231012_154855_jpg.rf.37429e0ac9c7b575760db5f096501234.jpg,500,24729,52,1,1
IMG_20231012_154859_jpg.rf.f305b8306bb07da80dcdfc58b6f66a1a.jpg,500,31173,61,1,1
IMG_20231012_154919_jpg.rf.ce234cb42e699a4ac634f46c6612d691.jpg,500,24564,46,1,1
IMG_20231012_155114_jpg.rf.5ce4eaa9a2a9ad9cfa5d25f1345597f0.jpg,500,27572,47,1,1
IMG_20231012_155132_jpg.rf.74ec6becbb3590d7ae396467b6d400a9.jpg,500,35041,43,1,1
IMG_20231012_155205_jpg.rf.2a2243a39a298e2b83029c41c2863d69.jpg,500,30393,55,1,3
IMG_20231012_155229_jpg.rf.79158c05b24ed6d6ae13451829e9fb22.jpg,500,27309,71,1,1
IMG_20231016_150408_jpg.rf.2a775ec7fca524242c8276e492492d70.jpg,197,2397,1,1,1
IMG_20231016_150418_jpg.rf.fbe55aeae19338b2801aac2d5c7134ce.jpg,500,6340,4,1,1
IMG_20231016_150419_jpg.rf.8404f8faab07cad6020549cdbfd82f11.jpg,500,4899,2,1,1
IMG_20231016_150451_jpg.rf.7bbdfe9de77d7e8103adc07c7d9959ff.jpg,321,11024,1,1,1
IMG_20231016_150517_jpg.rf.74289f10d5b06b5a8d721e0f11f3cd26.jpg,361,9291,6,1,1
IMG_20231016_150538_jpg.rf.c07c4278de5a23aff6660332c776548e.jpg,171,3275,1,1,1
IMG_20231016_150613_jpg.rf.7426d4df7a974f705cc9c08ef0a26a4a.jpg,282,4206,1,1,1
IMG_20231016_150622_jpg.rf.c1a91e2b5b93cd2a94652362d4ff52fc.jpg,489,2240,3,1,1
IMG_20231018_113620_jpg.rf.3122c4cef430f94e01bf9268c713e4c7.jpg,500,23424,57,1,1
IMG_20231018_113834_jpg.rf.bd65c8120703a972e36f7fe305a2dff3.jpg,500,17459,53,1,1
IMG_20231018_113844_jpg.rf.6ab96e2c3d8dd8cef3572a1c4cc26b18.jpg,500,25432,58,1,1
IMG_20231018_113901_jpg.rf.fa0280ff25c6233484dce8678d92ae92.jpg,500,18084,41,1,1
IMG_20231018_113904_jpg.rf.b658f602c0f480c20c3398a1a131a17d.jpg,500,30586,50,1,1
IMG_20231019_105510_jpg.rf.e4bf9d39cbf56f089b84d08cbcd44b35.jpg,500,19030,19,1,1
IMG_20231019_105529_jpg.rf.4c1f2bb8e830fb0f729065456c85e936.jpg,500,33640,35,1,3
IMG_20231019_105535_jpg.rf.43d0e472447be2a4dcc861ab1d528344.jpg,500,19100,18,1,1
IMG_20231019_105552_jpg.rf.287437d52b1986e0d2dc99cad9dc17d4.jpg,500,20673,35,1,2
IMG_20231019_105614_jpg.rf.5eafc72bb40b2b15a031fa148b490e9f.jpg,500,44689,55,1,3
IMG_20231020_153611_jpg.rf.faf4ed777bd2d635cd683b345a5f8697.jpg,500,24003,44,1,1
IMG_20231020_153628_jpg.rf.e47ece8deabd9618aab32e47a09f71f7.jpg,500,27089,45,1,1
IMG_20231020_153656_jpg.rf.782987a9e0bd912bb3ffc6bc959ae8cb.jpg,500,29429,42,1,1
IMG_20231023_111010_jpg.rf.5aec04f20c657ae15ac3c41648e80499.jpg,500,27462,64,1,1
IMG_20231023_111048_jpg.rf.575f314ba6526c6276bec672c2cb3f22.jpg,500,22436,40,1,1
IMG_20231023_111213_jpg.rf.8f0784b849514ceded81ba4aef0d1861.jpg,500,22147,57,1,3
IMG_20231025_111440_jpg.rf.7d6ac9a33a6394dc24712456421507d8.jpg,500,29253,40,1,1
IMG_20231025_111643_jpg.rf.3cdc2f8c3c99e70d5bc706ff592894da.jpg,500,25344,39,1,1
IMG_20231025_111701_jpg.rf.78b1f0c740186c351467da8ffe8bb8c8.jpg,500,28889,52,1,1
IMG_20231025_111719_jpg.rf.b3d1feabb910c52726dd844195b5f586.jpg,500,36646,55,1,1
IMG_20231026_191127_jpg.rf.0c3803d194d3ce598746698b444123af.jpg,300,5093,5,1,1
IMG_20231026_191148_jpg.rf.aac496c1230415ce3e31f6ad825a6204.jpg,492,11491,1,1,1
IMG_20231026_191256_jpg.rf.f6b18956529c44566195e620e34b1cf9.jpg,500,12376,2,1,1
IMG_20231026_191306_jpg.rf.1acdfd23e887c493ce00a371ac22ecb8.jpg,309,6937,4,1,1
IMG_20231026_191319_jpg.rf.1a165f0dbb84cc34f33b4e1cca56e3a0.jpg,371,13113,15,1,1
IMG_20231026_191524_jpg.rf.258f2b43062e47b0043594a5d89e622b.jpg,500,8866,4,1,2
IMG_20231026_191537_jpg.rf.670d9369e1e320cd58dd64020f1cf27d.jpg,500,16689,8,1,2
IMG_20231026_191603_jpg.rf.ae60a11869531f762aee44707cbb006e.jpg,500,14650,5,1,2
IMG_20231027_135623_jpg.rf.748cfe398fdb2f7ca5ca58357d3e6736.jpg,500,25102,50,1,1
IMG_20231027_135656_jpg.rf.25b990385aafdaf2291196111d786d66.jpg,500,25389,42,1,1
IMG_20231027_135707_jpg.rf.b8f715abfe48afcf22e5915a6d0e030e.jpg,500,37671,60,1,5
IMG_20231027_135730_jpg.rf.50f3ac6334863a70e914333a99fa619b.jpg,500,43792,64,1,3
IMG_20231027_135756_jpg.rf.270554be1a832bbdbb434a0876f542e6.jpg,500,28533,42,1,3
IMG_20231027_135800_jpg.rf.cbc95fa432bf8544b94fe4febc5b7c58.jpg,500,22664,43,1,4
IMG_20231027_135814_jpg.rf.bab9884def977cab168e12a094061bf2.jpg,500,40256,51,1,5
IMG_20231027_140553_jpg.rf.4ad9fbaf41ec1f60e747f9a517e8e827.jpg,500,26126,18,1,1
IMG_20231027_140613_jpg.rf.d5d97efe0632ccbfa579c2da49b9932b.jpg,500,17950,18,1,1
IMG_20231030_111643_jpg.rf.d8221643de7cd246caa7818932ac9591.jpg,500,24037,48,1,1
IMG_20231030_111736_jpg.rf.8cc4abbc81bbc8e96801e164d0e01851.jpg,500,25230,36,1,1
IMG_20231030_111747_jpg.rf.0e14fea0e51f7d3f66963159b666b4cc.jpg,500,27445,43,1,1
IMG_20231030_111753_jpg.rf.5241d87bf28d549746e57b638fee5579.jpg,500,27304,51,1,1
IMG_20231103_092255_jpg.rf.60b24184479bf006664b7acbe2816c60.jpg,500,14174,9,1,1
IMG_20231103_092257_jpg.rf.d5764b637289ad3ed35bdfe5ce8d5aa6.jpg,500,16221,9,1,1
IMG_20231103_092317_jpg.rf.57c4b3e39474f0f5530204d0a2ab0cda.jpg,378,6839,6,1,1
IMG_20231103_092443_jpg.rf.93d357c32ca30e91399fcd3cabd2b65c.jpg,500,11680,12,1,1
IMG_20231103_092459_jpg.rf.b9e1e471d8b9865bbee89a67a0775eea.jpg,500,19052,13,1,2
IMG_20231103_092546_jpg.rf.efb5ca952f75b4410743bef0dfc88725.jpg,500,15735,15,1,2
IMG_20231103_092550_jpg.rf.8df2102b83b84ef1f35233797b75ec4d.jpg,500,22908,20,1,2
IMG_20231103_092620_jpg.rf.d4925c29c7aef152c40ec64bba732f47.jpg,500,12182,3,1,2
IMG_20231106_090509_jpg.rf.ae9db38c8d45afebaf2e6cd1bdd910cd.jpg,406,8421,3,1,1
IMG_20231106_090525_jpg.rf.29ce44cf2d0e87b027611201592357b0.jpg,500,26124,10,1,1
IMG_20231106_090612_jpg.rf.5cf7609d37950bb38fa8f0b5d0cab09d.jpg,447,14746,6,1,1
IMG_20231106_090656_jpg.rf.12fa9473aec12e89f57a6b293cb58a58.jpg,300,8390,5,1,1
IMG_20231106_090723_jpg.rf.c9ed99363a40aebb7e94883b4854e539.jpg,500,25038,7,1,1
IMG_20231106_090807_jpg.rf.26ae13f45854b7e12e6a7dcada8be3fd.jpg,500,11179,6,1,1
IMG_20231106_090858_jpg.rf.f4ea456569ff4206df6a512e800bb28a.jpg,500,22774,34,1,1
IMG_20231106_091459_jpg.rf.7dcb730ae31eb189289a305268f5e2b7.jpg,500,19337,11,1,2
IMG_20231106_091555_jpg.rf.dca4a45fb556294787ced7358e033d6f.jpg,500,20471,15,1,2
IMG_20231106_091636_jpg.rf.969f47a95d6194fa9065ed20a8bc57b0.jpg,500,20458,15,1,2
Mix-1-00020_png.rf.3d974d88347947ea01ce058c0d9cdf32.jpg,131,3625,3,1,3
Mix-2-00002_png.rf.3d8406f0298c73b9d9ea6795156bc10c.jpg,200,6553,1,1,2
Mix-2-00023_png.rf.b72846fda555ac9f1efa1301596a6259.jpg,170,4140,6,1,3
Mix-2-00042_png.rf.63bb56811ec212b250907d165b2ac7c3.jpg,153,2525,5,1,3
Mix-4-00048_png.rf.7d57d98ccf5cfa50843aec53b9811e11.jpg,99,1133,6,1,3
VC-1-00031_png.rf.162488c03e5fd8743bc32bac5157fde2.jpg,8,242,1,1,1
VC-2-00002_png.rf.8924c6ae2c40d6cb463a7cb546a45fca.jpg,55,1550,1,1,1
VC-3-00002_png.rf.a2cf0eea06cf3380a4a94c9ac74c164b.jpg,41,958,2,1,1
VC-3-00015_png.rf.9d34e67882e0d70ce65ff7321184ac27.jpg,65,258,2,1,1
VC-4-00016_png.rf.ed14abdaea9d15f790d3ea9f3236db44.jpg,22,395,2,1,1
VC-4-00034_png.rf.8189ce9384f5ea2e948a3ea7547bc8ca.jpg,4,194,1,1,1
VE-1-00050_png.rf.ab56a1f695e2f8349e2ab5008604576d.jpg,5,138,1,1,1
VE-1-00051_png.rf.b46d9d40471c1f965a88feedd9543583.jpg,4,146,1,1,1
VE-2-00031_png.rf.a799ee45365cd599c021f9b7dc197e51.jpg,0,0,0,1,1
VE-3-00001_png.rf.5abf1e4a15a7808e60674fac51f9dbfe.jpg,59,1322,1,1,1
VE-3-00034_png.rf.bc9c4500b3a1abd3e1f21f54c8dadd82.jpg,26,539,1,1,1
VE-3-00035_png.rf.0337f547ae2f40e8262f1a252ecf1e60.jpg,15,317,1,1,1
VE-4-00002_png.rf.4cba053a564cc3263ff5c41fdae87f65.jpg,69,1300,1,1,1
VE-4-00016_png.rf.edc9742266e18ae2c48c6c1b074ade81.jpg,0,0,0,1,1
VE-4-00053_png.rf.f868bfb6c80dc0fa0c79a818fe18b042.jpg,0,0,0,1,1
VE-4-00054_png.rf.3681c6182a6cf424832dc6e3deec70ac.jpg,0,0,0,1,1
IMG_20230926_150038_jpg.rf.63e3167c147c017b2f11c4b878d51d04.jpg,270,7406,19,1,1
IMG_20230928_102454_jpg.rf.da1c1fc51bbcb30c3b9ca93f5de4f1b9.jpg,500,13094,17,1,1
IMG_20230928_102513_jpg.rf.67ff91a8294f09b9487fe28db5802a24.jpg,500,11591,18,1,1
IMG_20230928_103256_jpg.rf.8745a64d6c57701b7104ad9b7b82ac50.jpg,500,11994,19,1,1
IMG_20231001_155447_jpg.rf.d37a7327a64c2def7e358098212d7db4.jpg,500,15079,25,1,1
IMG_20231001_155450_jpg.rf.884df959e26a7b01bb99b04c75943363.jpg,500,13629,17,1,1
IMG_20231001_155605_1_jpg.rf.a6907b087785d6c95dedefe14c20a36f.jpg,500,9134,10,1,1
IMG_20231002_143724_1_jpg.rf.820d25b975f26d36b2942f4463fa2ed8.jpg,500,21367,30,1,2
IMG_20231003_153646_jpg.rf.bff661308a0f12dc251ca83643022ed7.jpg,500,14309,10,1,2
IMG_20231007_113329_jpg.rf.102002a22b5491d03a79a99f9824001b.jpg,312,6831,2,1,2
IMG_20231009_163455_1_jpg.rf.e146f764ba297d9da6a7c66e1b6dfeee.jpg,500,22606,51,1,1
IMG_20231009_163535_1_jpg.rf.31bc068780bf63fc1f018e1446321272.jpg,500,27577,50,1,1
IMG_20231016_150403_jpg.rf.56e866aa0beb50dc6379a4f8c80298b5.jpg,450,13118,2,1,1
IMG_20231023_111142_jpg.rf.76c0a04f9945c5dbea3683cb71221523.jpg,500,31787,87,1,1
IMG_20231023_111153_jpg.rf.249665ab7923611d7328186abe521b1d.jpg,500,27692,70,1,1
IMG_20231025_111449_jpg.rf.1fa18c33c0ffd30ef766bc2931bee9a7.jpg,500,29909,58,1,3
IMG_20231030_111750_jpg.rf.8fac36b359dbae80aa144ed2d5c52749.jpg,500,27265,52,1,1
IMG_20231103_092211_jpg.rf.79207f7c43fc7d02dc015432fb4ed403.jpg,500,30720,12,1,1
IMG_20231106_090437_jpg.rf.90330a80175ffe73c3b4f0d496fc5516.jpg,500,9196,1,1,1
IMG_20231106_090825_jpg.rf.96ae208bd9f8af3ff94e1b6db0ef811d.jpg,500,16310,4,1,1
IMG_20231106_090845_jpg.rf.9ad073876d51e38ccbdd3369a56054d3.jpg,495,12808,12,1,1
IMG_20231106_090850_jpg.rf.3a9f4e2f75208f735f2b49284e9a9ebc.jpg,500,23491,8,1,1
VC-2-00025_png.rf.956c4da8aa9ad3e7807b274dec9ec93c.jpg,21,546,2,1,1
IMG_0209.JPEG,500,19122,68,0,0
IMG_0210.JPEG,500,13759,19,0,0
IMG_0211.JPEG,500,19052,22,0,0
IMG_0212.JPEG,500,23395,18,0,0
IMG_0213.JPEG,500,34386,25,0,0
IMG_0214.JPEG,500,19498,32,0,0
IMG_0215.JPEG,500,44138,64,0,0
IMG_0216.JPEG,500,37529,55,0,0
IMG_0217.JPEG,500,19727,33,0,0
IMG_0218.JPEG,500,24996,29,0,0
IMG_0219.JPEG,500,22416,24,0,0
IMG_0220.JPEG,500,8656,9,0,0
IMG_0221.JPEG,500,44311,35,0,0
IMG_0222.JPEG,500,14600,9,0,0
IMG_0223.JPEG,500,32627,45,0,0
IMG_0224.JPEG,500,28786,34,0,0
IMG_0225.JPEG,500,47182,38,0,0
IMG_0226.JPEG,500,86101,70,0,0
IMG_0227.JPEG,500,50374,62,0,0
IMG_0228.JPEG,500,18888,23,0,0
IMG_0229.JPEG,500,25405,21,0,0
IMG_0230.JPEG,500,7600,3,0,0
IMG_0231.JPEG,477,9789,7,0,0
IMG_0232.JPEG,355,7104,11,0,0
IMG_0233.JPEG,500,42352,58,0,0
IMG_0234.JPEG,500,28710,31,0,0
IMG_0235.JPEG,500,73506,25,0,0
IMG_0236.JPEG,500,59742,28,0,0
IMG_0237.JPEG,500,52212,10,0,0
IMG_0238.JPEG,500,61973,41,0,0
IMG_0239.JPEG,500,173605,32,0,0
IMG_0240.JPEG,500,204905,35,0,0
IMG_0241.JPEG,500,72454,22,0,0
